"","Cell","Cell_type","xcoord","ycoord"
"ST_1","ST_1","OD Mature",1904.113934,-2715.391832
"ST_2","ST_2","Inhibitory",1033.948518,-3919.29299
"ST_3","ST_3","Inhibitory",633.5610189,-2745.446441
"ST_4","ST_4","Inhibitory",899.1337826,-3795.596788
"ST_5","ST_5","Ambiguous",2006.857092,-3715.491887
"ST_6","ST_6","Excitatory",1657.309447,-2624.218029
"ST_7","ST_7","OD Immature",1514.051455,-3303.375221
"ST_8","ST_8","Astrocyte",570.1250363,-2970.568206
"ST_9","ST_9","Inhibitory",1530.340496,-3860.873953
"ST_10","ST_10","Astrocyte",1383.066784,-3788.662741
"ST_11","ST_11","OD Mature",1860.925023,-2665.215833
"ST_12","ST_12","Astrocyte",642.2483013,-3579.783049
"ST_13","ST_13","Excitatory",1537.062105,-3632.466723
"ST_14","ST_14","Excitatory",1398.137547,-2381.405117
"ST_15","ST_15","Pericytes",1768.618,-3842.310784
"ST_16","ST_16","Inhibitory",1637.850477,-4038.47844
"ST_17","ST_17","Endothelial",2159.739404,-3099.462438
"ST_18","ST_18","Excitatory",1418.056561,-3046.674023
"ST_19","ST_19","Excitatory",1519.301727,-2402.604606
"ST_20","ST_20","Inhibitory",1142.414472,-2964.047225
"ST_21","ST_21","Excitatory",1615.787562,-3648.133724
"ST_22","ST_22","Ambiguous",587.8009978,-3615.655835
"ST_23","ST_23","Inhibitory",1511.775423,-3751.696038
"ST_24","ST_24","Ambiguous",2116.236334,-2794.881908
"ST_25","ST_25","Excitatory",2207.127783,-3593.427257
"ST_26","ST_26","Astrocyte",2023.426833,-3111.791486
"ST_27","ST_27","Ependymal",1362.258577,-2908.19019
"ST_28","ST_28","Excitatory",2223.870259,-3997.410691
"ST_29","ST_29","OD Mature",1761.60146,-2547.441717
"ST_30","ST_30","Microglia",937.5313271,-2662.958362
"ST_31","ST_31","Inhibitory",1169.522431,-3813.474442
"ST_32","ST_32","Excitatory",779.0283299,-3432.36453
"ST_33","ST_33","Inhibitory",1694.420306,-3998.712787
"ST_34","ST_34","OD Mature",654.1093085,-2653.159154
"ST_35","ST_35","Excitatory",1751.140974,-2521.891787
"ST_36","ST_36","Excitatory",1052.135534,-3099.694577
"ST_37","ST_37","Inhibitory",2153.318218,-3467.556146
"ST_38","ST_38","Inhibitory",827.3433267,-4032.565764
"ST_39","ST_39","Ambiguous",1769.978339,-3074.471111
"ST_40","ST_40","Inhibitory",1919.655592,-2990.033613
"ST_41","ST_41","Inhibitory",734.8229379,-3128.758504
"ST_42","ST_42","Excitatory",1845.461959,-2400.901919
"ST_43","ST_43","Excitatory",1619.222011,-3990.027203
"ST_44","ST_44","Astrocyte",2025.133434,-3413.468757
"ST_45","ST_45","Astrocyte",1028.968654,-2413.826673
"ST_46","ST_46","Excitatory",544.3284817,-2893.135236
"ST_47","ST_47","Ambiguous",2213.345444,-3354.101989
"ST_48","ST_48","Inhibitory",1045.55947,-3776.061754
"ST_49","ST_49","Inhibitory",622.5336533,-3877.195497
"ST_50","ST_50","Ambiguous",1983.706762,-3564.967022
"ST_51","ST_51","Excitatory",1061.772574,-2920.685468
"ST_52","ST_52","Excitatory",1003.267332,-3562.50878
"ST_53","ST_53","Ambiguous",2036.011282,-3837.771434
"ST_54","ST_54","Excitatory",1748.408252,-2345.648984
"ST_55","ST_55","OD Mature",2038.179364,-2812.689165
"ST_56","ST_56","Inhibitory",1036.139417,-3667.174438
"ST_57","ST_57","Endothelial",1769.238579,-2825.268403
"ST_58","ST_58","Inhibitory",1354.644168,-2866.381801
"ST_59","ST_59","Endothelial",989.6758345,-2838.585695
"ST_60","ST_60","Endothelial",1143.133373,-3064.120227
"ST_61","ST_61","OD Immature",1087.455942,-2652.233676
"ST_62","ST_62","Ambiguous",1090.335431,-2938.610391
"ST_63","ST_63","Excitatory",1258.917102,-3430.144354
"ST_64","ST_64","Excitatory",587.4501589,-2488.596402
"ST_65","ST_65","OD Immature",2198.737908,-3812.192683
"ST_66","ST_66","Astrocyte",1390.697475,-2903.16141
"ST_67","ST_67","Endothelial",637.2291214,-3832.604725
"ST_68","ST_68","OD Mature",732.5269942,-3115.279008
"ST_69","ST_69","Endothelial",1267.468452,-2339.307302
"ST_70","ST_70","Excitatory",1655.924993,-2896.154425
"ST_71","ST_71","Excitatory",1540.019019,-2457.700215
"ST_72","ST_72","Endothelial",983.108233,-3564.788484
"ST_73","ST_73","Endothelial",1478.568043,-3282.364317
"ST_74","ST_74","Inhibitory",1720.983352,-2818.203316
"ST_75","ST_75","Ambiguous",1557.602286,-3299.100845
"ST_76","ST_76","Endothelial",2089.863796,-2370.939026
"ST_77","ST_77","Inhibitory",539.8527039,-2427.575143
"ST_78","ST_78","Inhibitory",1289.533253,-2858.224137
"ST_79","ST_79","Ambiguous",1816.45629,-2621.932628
"ST_80","ST_80","Ambiguous",1577.710379,-3920.4001
"ST_81","ST_81","Astrocyte",702.3137657,-3347.551988
"ST_82","ST_82","Excitatory",717.7007813,-2894.660329
"ST_83","ST_83","OD Immature",595.9521383,-2979.404601
"ST_84","ST_84","OD Mature",2066.810718,-2655.288719
"ST_85","ST_85","Endothelial",1620.541721,-2873.544778
"ST_86","ST_86","Inhibitory",1108.881402,-3841.271482
"ST_87","ST_87","Inhibitory",809.7819373,-3055.096537
"ST_88","ST_88","Excitatory",1516.756796,-2432.870752
"ST_89","ST_89","Astrocyte",1610.275201,-2405.808361
"ST_90","ST_90","Microglia",567.9254511,-3846.244886
"ST_91","ST_91","Endothelial",496.126573,-2456.768155
"ST_92","ST_92","Astrocyte",1376.686213,-2576.896577
"ST_93","ST_93","OD Mature",2148.99587,-2651.511934
"ST_94","ST_94","Excitatory",1116.460183,-3445.709531
"ST_95","ST_95","Inhibitory",1471.68845,-3084.797867
"ST_96","ST_96","Inhibitory",1817.372381,-3358.026904
"ST_97","ST_97","Inhibitory",1551.374128,-3132.417152
"ST_98","ST_98","Inhibitory",1412.805079,-3591.224766
"ST_99","ST_99","Ambiguous",829.6905072,-3602.675276
"ST_100","ST_100","Inhibitory",1169.10048,-2835.556259
"ST_101","ST_101","Inhibitory",1630.678537,-4092.79843
"ST_102","ST_102","Excitatory",1196.559924,-3690.867409
"ST_103","ST_103","Inhibitory",1234.28843,-3486.012065
"ST_104","ST_104","Ambiguous",1846.297341,-3315.271065
"ST_105","ST_105","Excitatory",1270.274117,-2430.262054
"ST_106","ST_106","Excitatory",1645.86363,-2455.568909
"ST_107","ST_107","Ambiguous",1821.540989,-2659.898028
"ST_108","ST_108","Ambiguous",1029.820935,-2910.00897
"ST_109","ST_109","Inhibitory",1765.203959,-3940.820879
"ST_110","ST_110","Excitatory",1032.95588,-3152.890909
"ST_111","ST_111","Ambiguous",1005.410052,-3470.07347
"ST_112","ST_112","Astrocyte",2002.239649,-3729.376416
"ST_113","ST_113","Inhibitory",538.1009779,-3171.421388
"ST_114","ST_114","Inhibitory",885.8366212,-2892.925845
"ST_115","ST_115","Excitatory",536.4497358,-3833.243022
"ST_116","ST_116","Inhibitory",457.0567163,-2669.457522
"ST_117","ST_117","Endothelial",1506.081437,-2572.73369
"ST_118","ST_118","Ambiguous",1602.384424,-3343.281583
"ST_119","ST_119","Inhibitory",1781.993547,-3422.224734
"ST_120","ST_120","Inhibitory",1007.375996,-3298.254893
"ST_121","ST_121","Inhibitory",1158.882538,-2978.487427
"ST_122","ST_122","Endothelial",2103.053661,-2376.172466
"ST_123","ST_123","OD Immature",1477.081215,-2793.316649
"ST_124","ST_124","OD Mature",2206.497716,-3611.324687
"ST_125","ST_125","Microglia",2219.948479,-3623.305539
"ST_126","ST_126","Endothelial",1065.798319,-2572.07019
"ST_127","ST_127","Endothelial",712.9422597,-3025.40399
"ST_128","ST_128","Excitatory",577.6945093,-3775.911456
"ST_129","ST_129","Inhibitory",709.292804,-3061.452046
"ST_130","ST_130","Ependymal",1364.342778,-2663.086553
"ST_131","ST_131","Pericytes",1759.281665,-3892.636342
"ST_132","ST_132","Endothelial",1827.04214,-2678.507
"ST_133","ST_133","Inhibitory",882.4814698,-2749.314763
"ST_134","ST_134","Inhibitory",834.1018737,-3854.323795
"ST_135","ST_135","Astrocyte",2008.578824,-3088.80803
"ST_136","ST_136","Endothelial",1377.64724,-3721.329978
"ST_137","ST_137","Excitatory",1619.850567,-2532.23068
"ST_138","ST_138","OD Mature",807.1666413,-2415.215487
"ST_139","ST_139","Ambiguous",1956.760675,-3371.327775
"ST_140","ST_140","Inhibitory",573.2598493,-2801.831606
"ST_141","ST_141","Excitatory",1483.831858,-2513.474522
"ST_142","ST_142","Endothelial",2171.599741,-3188.925682
"ST_143","ST_143","Excitatory",529.8987825,-3878.25395
"ST_144","ST_144","Ependymal",1349.036546,-3069.645445
"ST_145","ST_145","Endothelial",2161.607926,-3410.932834
"ST_146","ST_146","Excitatory",2062.947475,-2561.983919
"ST_147","ST_147","Inhibitory",1097.093599,-2759.207263
"ST_148","ST_148","Inhibitory",1450.168899,-2812.154066
"ST_149","ST_149","Ependymal",1388.10246,-2686.918302
"ST_150","ST_150","Astrocyte",1434.576859,-3539.397436
"ST_151","ST_151","Excitatory",2056.222399,-4011.83801
"ST_152","ST_152","OD Mature",1952.494937,-2375.548697
"ST_153","ST_153","Inhibitory",2097.935148,-4094.364324
"ST_154","ST_154","Ependymal",1378.589934,-2887.621119
"ST_155","ST_155","Astrocyte",2121.400135,-2636.313761
"ST_156","ST_156","Inhibitory",1041.422163,-3166.314827
"ST_157","ST_157","Excitatory",687.7691886,-4009.282696
"ST_158","ST_158","Inhibitory",2133.222816,-2422.042014
"ST_159","ST_159","Ependymal",1267.356793,-3763.895931
"ST_160","ST_160","Excitatory",1205.766657,-2479.181375
"ST_161","ST_161","Inhibitory",1897.788224,-3146.55434
"ST_162","ST_162","Ambiguous",759.4476826,-3993.871482
"ST_163","ST_163","Endothelial",2008.193311,-3221.287762
"ST_164","ST_164","Excitatory",1544.749489,-2966.376699
"ST_165","ST_165","Inhibitory",1185.866244,-3669.603954
"ST_166","ST_166","Inhibitory",2116.996582,-3469.843793
"ST_167","ST_167","Excitatory",965.6734559,-3738.968072
"ST_168","ST_168","Microglia",923.2118339,-2474.542181
"ST_169","ST_169","Ambiguous",1096.739525,-3279.888533
"ST_170","ST_170","Endothelial",885.0064452,-2788.877939
"ST_171","ST_171","Inhibitory",1814.401513,-3196.333023
"ST_172","ST_172","Inhibitory",2149.988738,-2920.982335
"ST_173","ST_173","Ambiguous",1799.586991,-2657.992463
"ST_174","ST_174","Ambiguous",821.2023292,-2555.596023
"ST_175","ST_175","Excitatory",1240.33777,-3245.257342
"ST_176","ST_176","Inhibitory",1628.450776,-3603.852182
"ST_177","ST_177","Astrocyte",701.6289963,-3716.895183
"ST_178","ST_178","Inhibitory",942.6844719,-3863.985885
"ST_179","ST_179","Excitatory",2144.944257,-3416.722932
"ST_180","ST_180","Excitatory",1405.551877,-3164.047265
"ST_181","ST_181","Inhibitory",1803.638242,-2773.87577
"ST_182","ST_182","Endothelial",1961.126941,-2889.329891
"ST_183","ST_183","Ambiguous",1766.064419,-2887.545644
"ST_184","ST_184","Inhibitory",916.5680123,-3748.086957
"ST_185","ST_185","Inhibitory",1943.308203,-2459.625556
"ST_186","ST_186","Endothelial",790.3544065,-2823.848389
"ST_187","ST_187","Ambiguous",1573.291285,-3268.823161
"ST_188","ST_188","OD Mature",821.4330255,-2593.66731
"ST_189","ST_189","Ambiguous",1966.735494,-3681.334599
"ST_190","ST_190","Inhibitory",1380.66245,-3419.48569
"ST_191","ST_191","Ambiguous",1523.519938,-4015.41722
"ST_192","ST_192","Ambiguous",580.8086909,-2558.524964
"ST_193","ST_193","Ambiguous",1351.185526,-3641.037455
"ST_194","ST_194","Inhibitory",620.2363218,-3941.988584
"ST_195","ST_195","Ambiguous",1085.558473,-2908.179134
"ST_196","ST_196","Ambiguous",1743.531021,-3718.292443
"ST_197","ST_197","Inhibitory",1328.503198,-3864.684896
"ST_198","ST_198","Excitatory",1735.393328,-2387.434416
"ST_199","ST_199","Ambiguous",1949.46408,-2858.908854
"ST_200","ST_200","Inhibitory",1054.824126,-3301.893528
"ST_201","ST_201","Excitatory",1563.29012,-2744.873387
"ST_202","ST_202","OD Immature",671.7927851,-3412.254923
"ST_203","ST_203","Endothelial",1524.058376,-3706.725071
"ST_204","ST_204","Inhibitory",637.2179424,-3658.428181
"ST_205","ST_205","Ambiguous",568.2833959,-3925.411734
"ST_206","ST_206","Endothelial",702.3967277,-3578.716569
"ST_207","ST_207","Inhibitory",1952.843081,-3864.270215
"ST_208","ST_208","Inhibitory",1163.64961,-2561.136029
"ST_209","ST_209","OD Immature",2191.256379,-3379.359871
"ST_210","ST_210","Inhibitory",462.5706162,-3206.787476
"ST_211","ST_211","Inhibitory",2203.248986,-4116.953041
"ST_212","ST_212","Excitatory",1877.673703,-3666.330738
"ST_213","ST_213","Inhibitory",656.7643574,-3883.559013
"ST_214","ST_214","OD Mature",2174.327079,-2498.95107
"ST_215","ST_215","Ambiguous",1450.524508,-2597.239561
"ST_216","ST_216","Inhibitory",805.3156691,-2902.209161
"ST_217","ST_217","Excitatory",519.620808,-3307.594384
"ST_218","ST_218","Excitatory",1616.238344,-2500.634917
"ST_219","ST_219","Inhibitory",1865.338485,-3090.522654
"ST_220","ST_220","Inhibitory",896.7132758,-3903.616293
"ST_221","ST_221","Ependymal",1277.924288,-3668.256725
"ST_222","ST_222","Ambiguous",892.4273683,-3195.188822
"ST_223","ST_223","Inhibitory",2170.560286,-2912.311464
"ST_224","ST_224","Ambiguous",1119.02361,-2895.46285
"ST_225","ST_225","Endothelial",607.0072427,-3270.576989
"ST_226","ST_226","Pericytes",1766.82227,-3917.959776
"ST_227","ST_227","Ambiguous",2222.00385,-3123.824052
"ST_228","ST_228","Astrocyte",1021.247571,-3280.012395
"ST_229","ST_229","OD Immature",817.8700275,-3589.218517
"ST_230","ST_230","Inhibitory",940.842889,-2870.52365
"ST_231","ST_231","Inhibitory",2029.397885,-3531.107374
"ST_232","ST_232","Endothelial",606.934385,-4047.305844
"ST_233","ST_233","Ambiguous",933.269325,-2419.543486
"ST_234","ST_234","Astrocyte",1445.216597,-2873.201181
"ST_235","ST_235","Astrocyte",1634.320744,-2363.262251
"ST_236","ST_236","Ependymal",1366.233666,-2754.116728
"ST_237","ST_237","Inhibitory",791.3247229,-3998.047843
"ST_238","ST_238","Astrocyte",2209.884813,-2432.903424
"ST_239","ST_239","Ambiguous",2185.137555,-2400.302498
"ST_240","ST_240","Astrocyte",965.7260556,-3626.744737
"ST_241","ST_241","Inhibitory",943.3984736,-3186.403833
"ST_242","ST_242","Excitatory",1811.756598,-3691.740855
"ST_243","ST_243","OD Mature",2193.592356,-3746.656969
"ST_244","ST_244","Inhibitory",2082.17198,-3442.981699
"ST_245","ST_245","OD Immature",1539.59121,-3350.199537
"ST_246","ST_246","Astrocyte",1827.885425,-3089.940838
"ST_247","ST_247","Excitatory",1467.922995,-3755.850918
"ST_248","ST_248","Inhibitory",1725.580634,-2911.848241
"ST_249","ST_249","Excitatory",1491.960234,-3524.609847
"ST_250","ST_250","Inhibitory",714.4763647,-3673.241177
"ST_251","ST_251","OD Immature",1185.023284,-3577.808209
"ST_252","ST_252","Astrocyte",1110.451009,-3464.455855
"ST_253","ST_253","OD Mature",1938.464291,-2377.47383
"ST_254","ST_254","Inhibitory",1804.954872,-3116.44834
"ST_255","ST_255","Endothelial",1855.467534,-3612.196281
"ST_256","ST_256","Inhibitory",2200.802217,-2346.202502
"ST_257","ST_257","Excitatory",1356.674684,-3892.574631
"ST_258","ST_258","Ambiguous",736.4432375,-3594.009202
"ST_259","ST_259","Microglia",2150.917712,-2472.657033
"ST_260","ST_260","OD Immature",1481.276401,-3066.007444
"ST_261","ST_261","Microglia",565.1425157,-2602.173642
"ST_262","ST_262","Inhibitory",882.0167607,-2820.094229
"ST_263","ST_263","Astrocyte",1644.700689,-2466.613557
"ST_264","ST_264","Excitatory",2229.764111,-3955.173191
"ST_265","ST_265","Endothelial",2201.36874,-4080.573015
"ST_266","ST_266","Astrocyte",2012.645305,-3691.271668
"ST_267","ST_267","Ambiguous",1660.876256,-3043.578266
"ST_268","ST_268","Excitatory",1227.704513,-2507.491938
"ST_269","ST_269","Excitatory",1309.660497,-3792.376014
"ST_270","ST_270","Inhibitory",916.0435904,-3124.767962
"ST_271","ST_271","Ambiguous",1193.717263,-3063.270506
"ST_272","ST_272","Inhibitory",1591.986377,-3201.317269
"ST_273","ST_273","Excitatory",677.1453591,-3281.263697
"ST_274","ST_274","Ambiguous",1921.50156,-2422.606494
"ST_275","ST_275","Inhibitory",956.4913556,-3200.234491
"ST_276","ST_276","Astrocyte",1950.144158,-3821.261812
"ST_277","ST_277","Excitatory",1172.36947,-2669.819128
"ST_278","ST_278","Inhibitory",1149.066873,-3826.999698
"ST_279","ST_279","Ambiguous",1287.295343,-3810.631276
"ST_280","ST_280","OD Mature",714.2927477,-3972.727747
"ST_281","ST_281","Inhibitory",1236.584847,-3143.867534
"ST_282","ST_282","Endothelial",657.5702444,-3274.699695
"ST_283","ST_283","OD Immature",1915.715125,-3431.849153
"ST_284","ST_284","Inhibitory",1151.15763,-2728.415326
"ST_285","ST_285","OD Mature",487.4325956,-3033.858974
"ST_286","ST_286","Ambiguous",1710.739397,-3061.580486
"ST_287","ST_287","Inhibitory",1419.122957,-3470.989647
"ST_288","ST_288","OD Mature",860.0350043,-2602.482065
"ST_289","ST_289","Inhibitory",1270.413714,-3073.410907
"ST_290","ST_290","Excitatory",505.5631407,-3182.826475
"ST_291","ST_291","Inhibitory",1417.16396,-3490.366326
"ST_292","ST_292","Excitatory",1237.819417,-3156.582487
"ST_293","ST_293","Ambiguous",646.8112182,-3615.009614
"ST_294","ST_294","Endothelial",2210.027749,-2364.4677
"ST_295","ST_295","OD Mature",686.5292171,-2538.659564
"ST_296","ST_296","Endothelial",663.376542,-3787.833885
"ST_297","ST_297","Astrocyte",1677.279207,-3151.757615
"ST_298","ST_298","Ambiguous",2171.782755,-3274.006981
"ST_299","ST_299","Inhibitory",1890.520728,-3754.297125
"ST_300","ST_300","Inhibitory",1165.756309,-3256.997497
"ST_301","ST_301","OD Mature",710.4798766,-2437.646091
"ST_302","ST_302","OD Mature",1952.951606,-2460.598894
"ST_303","ST_303","Astrocyte",1569.163797,-3614.003461
"ST_304","ST_304","Inhibitory",1025.112332,-2545.758553
"ST_305","ST_305","Ambiguous",1692.467509,-4095.773487
"ST_306","ST_306","Inhibitory",1143.703776,-3133.538272
"ST_307","ST_307","Astrocyte",1079.588938,-2833.05204
"ST_308","ST_308","Inhibitory",2117.135992,-2995.417525
"ST_309","ST_309","Inhibitory",1563.206089,-3367.07339
"ST_310","ST_310","Excitatory",1633.214085,-2512.213327
"ST_311","ST_311","Ependymal",1261.851949,-3645.002003
"ST_312","ST_312","OD Immature",1686.973975,-2909.035779
"ST_313","ST_313","OD Mature",525.5125506,-2423.714122
"ST_314","ST_314","Inhibitory",541.0143975,-3967.215767
"ST_315","ST_315","Ependymal",1310.65935,-3490.320399
"ST_316","ST_316","Inhibitory",2105.662183,-3398.305574
"ST_317","ST_317","Inhibitory",1010.851372,-4010.635518
"ST_318","ST_318","Pericytes",1607.662284,-2474.236079
"ST_319","ST_319","Inhibitory",521.5992362,-3100.915056
"ST_320","ST_320","Inhibitory",1345.757401,-3419.851753
"ST_321","ST_321","OD Immature",1732.518878,-2366.847406
"ST_322","ST_322","Excitatory",1129.314348,-2500.055514
"ST_323","ST_323","Endothelial",2212.37259,-2616.647547
"ST_324","ST_324","Ambiguous",1284.265291,-3988.680852
"ST_325","ST_325","Inhibitory",1111.523387,-3235.848992
"ST_326","ST_326","Excitatory",1668.323467,-2964.943552
"ST_327","ST_327","Inhibitory",2109.343247,-3090.936335
"ST_328","ST_328","Excitatory",1896.247929,-2795.588186
"ST_329","ST_329","Astrocyte",1505.649774,-2513.275458
"ST_330","ST_330","Ambiguous",1244.281764,-3264.121159
"ST_331","ST_331","Astrocyte",1406.706705,-2802.900674
"ST_332","ST_332","Inhibitory",1618.276375,-3610.188449
"ST_333","ST_333","Excitatory",1536.692792,-2616.039953
"ST_334","ST_334","Inhibitory",882.7551157,-3496.25394
"ST_335","ST_335","Ambiguous",1922.464002,-3016.806459
"ST_336","ST_336","Excitatory",1405.901948,-3424.677429
"ST_337","ST_337","OD Mature",1891.780581,-3700.688958
"ST_338","ST_338","Excitatory",1392.487544,-2344.743009
"ST_339","ST_339","Inhibitory",1959.750831,-3286.080964
"ST_340","ST_340","Excitatory",618.5629782,-3805.224057
"ST_341","ST_341","Inhibitory",2077.680578,-2968.652304
"ST_342","ST_342","Inhibitory",1947.389535,-3007.287806
"ST_343","ST_343","Excitatory",1257.75444,-3186.396619
"ST_344","ST_344","Excitatory",1597.224964,-2587.521256
"ST_345","ST_345","Inhibitory",1084.27294,-3920.326304
"ST_346","ST_346","Excitatory",940.8003462,-2558.081927
"ST_347","ST_347","Ambiguous",1413.458478,-3434.324329
"ST_348","ST_348","Inhibitory",1710.269615,-3315.066014
"ST_349","ST_349","Excitatory",885.230419,-2389.049441
"ST_350","ST_350","Inhibitory",1015.627048,-3106.666361
"ST_351","ST_351","Ependymal",1367.884052,-2827.429803
"ST_352","ST_352","Inhibitory",1811.76837,-3489.280349
"ST_353","ST_353","Astrocyte",1500.504801,-2550.8845
"ST_354","ST_354","Excitatory",1056.684561,-2671.790711
"ST_355","ST_355","Inhibitory",1124.524708,-3866.297115
"ST_356","ST_356","OD Immature",1010.769824,-2910.303847
"ST_357","ST_357","Microglia",557.3786149,-3963.281361
"ST_358","ST_358","Astrocyte",1017.66266,-3780.571079
"ST_359","ST_359","Inhibitory",1813.307965,-3061.864903
"ST_360","ST_360","Excitatory",2232.339226,-2880.12043
"ST_361","ST_361","Endothelial",480.3815787,-2341.886998
"ST_362","ST_362","OD Immature",1715.652904,-3474.46224
"ST_363","ST_363","Pericytes",1787.83664,-3825.649794
"ST_364","ST_364","Inhibitory",970.4320577,-2597.759339
"ST_365","ST_365","Inhibitory",494.7756888,-2406.100586
"ST_366","ST_366","Inhibitory",876.6816532,-3751.168494
"ST_367","ST_367","Endothelial",811.439143,-2769.602259
"ST_368","ST_368","OD Immature",1947.928638,-3247.874076
"ST_369","ST_369","Inhibitory",837.551905,-3637.17192
"ST_370","ST_370","Excitatory",1329.407329,-2570.638368
"ST_371","ST_371","Ambiguous",1303.266902,-2552.287068
"ST_372","ST_372","Excitatory",1359.188361,-3382.29587
"ST_373","ST_373","Inhibitory",1497.988698,-3570.305218
"ST_374","ST_374","Ependymal",1277.914251,-3569.152662
"ST_375","ST_375","Endothelial",1407.637074,-3260.401951
"ST_376","ST_376","Inhibitory",580.3108299,-2644.241941
"ST_377","ST_377","Inhibitory",1927.710199,-3577.443733
"ST_378","ST_378","Ambiguous",1558.454074,-2433.698862
"ST_379","ST_379","Inhibitory",1908.695101,-4043.98608
"ST_380","ST_380","Inhibitory",1788.79229,-3115.429243
"ST_381","ST_381","Excitatory",1382.642405,-3893.92124
"ST_382","ST_382","Inhibitory",2076.961828,-3028.265674
"ST_383","ST_383","Astrocyte",1573.310075,-3509.039044
"ST_384","ST_384","Excitatory",1668.133188,-2747.835421
"ST_385","ST_385","Inhibitory",1235.141459,-3225.795209
"ST_386","ST_386","Astrocyte",762.5700786,-2816.846744
"ST_387","ST_387","Endothelial",1915.262672,-4061.886601
"ST_388","ST_388","Inhibitory",1871.652212,-2497.831304
"ST_389","ST_389","Inhibitory",1269.435223,-3858.802142
"ST_390","ST_390","OD Mature",894.6514526,-2470.432214
"ST_391","ST_391","Pericytes",1595.211693,-2495.595918
"ST_392","ST_392","Astrocyte",2052.948296,-2879.39175
"ST_393","ST_393","Astrocyte",734.5168515,-3105.969981
"ST_394","ST_394","Excitatory",1878.378871,-2408.767313
"ST_395","ST_395","Inhibitory",1195.091242,-3163.917771
"ST_396","ST_396","Inhibitory",1245.548633,-2907.458454
"ST_397","ST_397","Ambiguous",2188.539155,-2557.737773
"ST_398","ST_398","Inhibitory",1735.533967,-3098.892697
"ST_399","ST_399","OD Immature",499.6493482,-2465.859387
"ST_400","ST_400","Ambiguous",680.1266974,-3404.768202
"ST_401","ST_401","Inhibitory",1246.088864,-2741.792417
"ST_402","ST_402","Inhibitory",1986.111423,-2836.785444
"ST_403","ST_403","Inhibitory",716.9346086,-3637.231193
"ST_404","ST_404","Ambiguous",1469.459441,-2364.460335
"ST_405","ST_405","Ambiguous",772.9641397,-3053.56333
"ST_406","ST_406","Excitatory",1260.243025,-3013.644617
"ST_407","ST_407","Endothelial",1308.275815,-3190.39677
"ST_408","ST_408","Inhibitory",2034.111224,-2367.968419
"ST_409","ST_409","Inhibitory",1880.260929,-3248.374159
"ST_410","ST_410","Ambiguous",1838.841833,-3637.300721
"ST_411","ST_411","Excitatory",1893.344277,-2397.818605
"ST_412","ST_412","OD Immature",503.7942221,-2372.091429
"ST_413","ST_413","Astrocyte",1760.650298,-2518.496713
"ST_414","ST_414","Endothelial",640.5087643,-2446.505028
"ST_415","ST_415","Inhibitory",1729.783278,-3414.901553
"ST_416","ST_416","Ambiguous",1689.567748,-3709.490084
"ST_417","ST_417","Inhibitory",1202.560482,-3276.326263
"ST_418","ST_418","Inhibitory",2162.791346,-3429.924958
"ST_419","ST_419","Ambiguous",817.046097,-2880.212132
"ST_420","ST_420","Excitatory",784.6535252,-3437.2705
"ST_421","ST_421","Astrocyte",1490.125903,-3469.701642
"ST_422","ST_422","Astrocyte",1524.214503,-3296.761593
"ST_423","ST_423","Ambiguous",2097.980689,-3551.142881
"ST_424","ST_424","Excitatory",1472.296952,-3572.111133
"ST_425","ST_425","OD Mature",841.6874041,-2464.697414
"ST_426","ST_426","Inhibitory",1039.730017,-3089.850463
"ST_427","ST_427","Inhibitory",1414.961043,-3065.803046
"ST_428","ST_428","Inhibitory",1726.778594,-3117.801859
"ST_429","ST_429","Ependymal",1252.362298,-3903.001582
"ST_430","ST_430","Microglia",1987.747907,-3458.419079
"ST_431","ST_431","Inhibitory",551.644367,-2869.268165
"ST_432","ST_432","OD Immature",509.9505208,-3950.118553
"ST_433","ST_433","Inhibitory",1874.277077,-2995.638248
"ST_434","ST_434","Astrocyte",1287.845142,-2518.957375
"ST_435","ST_435","Ependymal",1316.414169,-3464.677192
"ST_436","ST_436","Excitatory",1924.717716,-4075.558135
"ST_437","ST_437","Microglia",2118.838524,-2561.729416
"ST_438","ST_438","Astrocyte",2177.389444,-3800.280425
"ST_439","ST_439","OD Mature",1662.713253,-3369.104616
"ST_440","ST_440","Endothelial",950.9082462,-3570.114167
"ST_441","ST_441","Excitatory",1260.965153,-2804.305138
"ST_442","ST_442","Inhibitory",1095.537772,-3016.867982
"ST_443","ST_443","OD Mature",2145.026412,-3807.274628
"ST_444","ST_444","Inhibitory",1659.029188,-3287.830656
"ST_445","ST_445","Excitatory",2161.779904,-2769.442814
"ST_446","ST_446","Ambiguous",1759.488839,-2639.851063
"ST_447","ST_447","Excitatory",1251.064864,-2699.260272
"ST_448","ST_448","Endothelial",2092.18346,-3615.501772
"ST_449","ST_449","Inhibitory",2045.231234,-4075.730556
"ST_450","ST_450","Excitatory",1996.218777,-3987.358014
"ST_451","ST_451","OD Mature",2201.801053,-2480.119659
"ST_452","ST_452","Microglia",1980.385488,-2573.968654
"ST_453","ST_453","Astrocyte",851.0942016,-4041.250383
"ST_454","ST_454","OD Mature",2017.652571,-2675.43832
"ST_455","ST_455","Ependymal",1319.156669,-3341.934237
"ST_456","ST_456","Excitatory",1580.979107,-3781.671105
"ST_457","ST_457","Excitatory",1554.308538,-2612.948975
"ST_458","ST_458","Endothelial",1796.474578,-3031.90945
"ST_459","ST_459","Inhibitory",467.3202225,-2879.531977
"ST_460","ST_460","OD Mature",2113.592854,-3170.762615
"ST_461","ST_461","OD Mature",2106.882448,-3328.058102
"ST_462","ST_462","OD Mature",467.3859735,-3983.113569
"ST_463","ST_463","OD Mature",1948.319651,-2667.19332
"ST_464","ST_464","OD Immature",541.6736087,-2969.59058
"ST_465","ST_465","Inhibitory",802.0090912,-3826.823677
"ST_466","ST_466","Inhibitory",1584.3465,-3847.149603
"ST_467","ST_467","Endothelial",1219.690511,-2608.35649
"ST_468","ST_468","Inhibitory",1904.742592,-3524.414817
"ST_469","ST_469","Inhibitory",459.7656301,-2650.788559
"ST_470","ST_470","Pericytes",1757.72367,-3899.061853
"ST_471","ST_471","Excitatory",1704.42039,-2556.061933
"ST_472","ST_472","Endothelial",1528.502356,-3874.574801
"ST_473","ST_473","Microglia",1015.585133,-2969.792075
"ST_474","ST_474","Excitatory",1993.989721,-3545.754473
"ST_475","ST_475","Endothelial",1512.891965,-2783.065672
"ST_476","ST_476","Inhibitory",1442.828419,-3419.934403
"ST_477","ST_477","Excitatory",982.2348724,-3912.96883
"ST_478","ST_478","Ambiguous",2108.682585,-3237.323925
"ST_479","ST_479","Excitatory",1472.93716,-2564.819047
"ST_480","ST_480","Excitatory",1668.962303,-3686.183654
"ST_481","ST_481","Ambiguous",522.0607978,-3769.786733
"ST_482","ST_482","Astrocyte",1953.676006,-3601.319001
"ST_483","ST_483","Inhibitory",1664.79283,-3489.519762
"ST_484","ST_484","Inhibitory",1818.937487,-3786.618397
"ST_485","ST_485","OD Mature",2099.904844,-2632.330016
"ST_486","ST_486","Inhibitory",1383.201773,-4006.295465
"ST_487","ST_487","OD Immature",2007.553076,-3544.541714
"ST_488","ST_488","Excitatory",1446.839041,-3588.422144
"ST_489","ST_489","Excitatory",1727.705109,-3616.257398
"ST_490","ST_490","Inhibitory",1175.01055,-3641.190534
"ST_491","ST_491","Inhibitory",662.8302089,-3482.554734
"ST_492","ST_492","Inhibitory",1586.990133,-2897.927336
"ST_493","ST_493","OD Mature",722.3740044,-2516.431253
"ST_494","ST_494","Ambiguous",1731.929892,-3225.219415
"ST_495","ST_495","Inhibitory",759.5153949,-3584.120912
"ST_496","ST_496","Endothelial",852.1954542,-2524.622667
"ST_497","ST_497","Ambiguous",568.8796255,-3866.576725
"ST_498","ST_498","Excitatory",584.4229438,-3062.520069
"ST_499","ST_499","Endothelial",2032.940725,-2579.343161
"ST_500","ST_500","Microglia",1763.950629,-3292.651727
