"","Sample"
"Ace2",138.126944241439
"Adora2a",1676.4704377473
"Aldh1l1",590.728801918564
"Amigo2",3058.77805652643
"Ano3",4340.89524679801
"Aqp4",1564.27401953975
"Ar",6392.10560849755
"Arhgap36",4416.18191102588
"Avpr1a",463.040104242274
"Avpr2",0.420152197169846
"Baiap2",13907.5795417244
"Bdnf",2209.69974766981
"Bmp7",809.015742062851
"Brs3",618.575964539466
"Calcr",1693.682104935
"Cbln1",1435.37470088207
"Cbln2",4269.21107799047
"Cckar",397.702423788714
"Cckbr",465.442262827168
"Ccnd2",4538.10261672423
"Cd24a",3247.83079942142
"Cdkn1a",5855.81310147935
"Cenpe",262.908462926325
"Chat",51.3317431249453
"Coch",1229.58055346648
"Col25a1",6844.62470709357
"Cplx3",344.271379366135
"Cpne5",10522.0235899554
"Creb3l1",737.606709519239
"Crhbp",916.379756754186
"Crhr1",440.968988856655
"Crhr2",292.117037044381
"Cspg5",25181.3595499992
"Cxcl14",4151.482308861
"Cyp19a1",68.7371591957964
"Cyp26a1",90.2744279083558
"Cyr61",2613.40727033498
"Dgkk",3381.92432707854
"Ebf3",253.711085755035
"Egr2",1286.62148232237
"Ermn",21708.804876058
"Esr1",1408.54699643982
"Etv1",11994.0387048425
"Fbxw13",135.048936147017
"Fezf1",542.318717001955
"Fn1",751.337419627667
"Fst",416.669318377822
"Gabra1",17518.0154509945
"Gabrg1",10911.5566166038
"Gad1",28133.071200956
"Galr1",683.685971276799
"Galr2",15.4377134382784
"Gbx2",362.285899674941
"Gda",12096.6205319888
"Gem",2247.71522630702
"Gjc3",15052.6432209463
"Glra3",1184.99478902138
"Gpr165",1548.03877099657
"Greb1",356.594465701604
"Grpr",225.970719897314
"Htr2c",8312.26810722258
"Igf1r",5950.96860378667
"Igf2r",2451.95492633761
"Irs4",4799.0610279082
"Isl1",6469.64185931239
"Kiss1r",584.50600178035
"Klf4",2794.25129147565
"Lepr",282.769425186154
"Lmod1",666.662999246685
"Lpar1",10812.6971251374
"Man1a",4416.11977216694
"Mc4r",325.402011798024
"Mki67",826.706421192791
"Mlc1",2034.46004854538
"Myh11",1493.03321307687
"Ndnf",341.355995221211
"Ndrg1",17233.653343611
"Necab1",4827.26599608146
"Nos1",3403.17768668907
"Npas1",565.362620395148
"Npy1r",1621.81769458077
"Npy2r",2356.29774039285
"Ntng1",6073.28636244075
"Ntsr1",369.659083107203
"Nup62cl",263.24096620957
"Omp",105.073864661347
"Onecut2",2263.63252312579
"Opalin",21831.8791652213
"Oprd1",57.419893081379
"Oprk1",3252.97573406306
"Oprl1",6832.75331249636
"Oxtr",394.166494140801
"Pak3",25353.78051932
"Pcdh11x",12234.5176103734
"Pdgfra",4101.30386376654
"Pgr",3618.88975998895
"Plin3",4852.18801430429
"Pnoc",6421.54582367037
"Pou3f2",3178.5573312665
"Prlr",7322.2027722442
"Ramp3",1708.30515343977
"Rgs2",12726.5930257927
"Rgs5",2321.24809599111
"Rnd3",3812.36259497609
"Rxfp1",174.447357349532
"Scgn",493.455909614289
"Selplg",2080.41618428067
"Sema3c",2631.38554386703
"Sema4d",1945.293730264
"Serpinb1b",1767.87298328864
"Serpine1",1783.14550454617
"Sgk1",13996.5504877619
"Slc15a3",1522.08490867137
"Slc17a6",6361.45127932449
"Slc17a7",17.5935519248515
"Slc17a8",498.843161908443
"Slc18a2",1143.15315762166
"Slco1a4",1794.98099958074
"Sox4",7230.44898551433
"Sox6",3542.24186355379
"Sox8",7296.3835854929
"Sp9",2874.71168253531
"Synpr",10633.7681776473
"Syt2",860.674556391249
"Syt4",33406.3282685255
"Sytl4",199.858570608485
"Tacr1",810.863114036145
"Tacr3",622.658850321287
"Tiparp",6867.41436527508
"Tmem108",5155.13834166107
"Traf4",2599.97078854895
"Trhr",1429.61709785361
"Ttn",289.15518269481
"Ttyh2",7503.30698988947
"Adcyap1",1674.08297719799
"Cartpt",11250.3381499475
"Cck",4180.17936116996
"Crh",1990.05828815285
"Gal",7945.22880846793
"Gnrh1",641.536544673094
"Mbp",61478.7772941119
"Nnat",36352.1292774266
"Nts",8710.07375457407
"Oxt",684.418918888899
"Penk",18805.1190994458
"Scg2",46148.8351282539
"Sln",704.760707815053
"Sst",9863.48500031503
"Tac1",13721.6174439776
"Tac2",2432.81880184447
"Th",1114.83251096263
"Trh",5262.18743079649
"Ucn3",252.823403423156
"Vgf",14216.2946945579
"Tcf7l1",253.735752733263
"Mmp23",383.093934234381
"Hsd17b2",19.6159513424857
"Olfr1445",0
"Atg16l2",3156.34268455773
"Tff2",0
"AK010878",4775.67452814641
"Gm10096",0
"Kcns2",861.716412557925
"Jmjd7",954.772576323819
"Gm13912",4.56715751193948
"Tg",9.6338338181578
"Gm11114",0
"Rpl37",60299.5249436113
"Cecr2",561.64120305132
"Ccdc142",125.41465943286
"Gm19273",5.94963606093317
"Zfp771",10204.6919563038
"Ltb4r1",40.2033307667348
"Rala",16080.2308620069
"Nfrkb",3112.23322015054
"Rrp12",1212.62403612401
"Sult3a1",1.28852451140733
"Klhl11",2330.20720488287
"Gm10827",1364.40032468693
"Gm12246",0
"Ccdc175",24.5364528647864
"Cdca7",308.30054282879
"Car10",6663.7904085025
"Ampd1",25.6704348950579
"Pnma1",1119.69436656161
"Serpind1",723.413059782221
"Ctsz",9520.73431247584
"Cdr1",132.53465283138
"Gli2",83.5233551246247
"Slc18b1",1507.71903428505
"Vmn1r60",0
"Ndst2",941.422354424764
"Il11",228.032783385078
"Ptger1",80.1271924502504
"Rrp9",3865.50939662904
"Gm15864",0
"C530043A13Rik",0.742970752206798
"Xdh",149.398066812223
"Gm29347",0
"P4ha3",574.013803247651
"Rab36",4560.79851853101
"Cherp",3149.26092344179
"Olfr94",1.90991892076851
"Fat2",0.586367973406856
"Kdelr2",6569.73507579465
"St6galnac1",4.76792559377806
"Lgr4",1590.6233626814
"Tnxb",141.343860973746
"Nek8",286.84033868216
"Cyth3",3002.63222460524
"Ttc39c",4131.16596015622
"Ugt2b36",0
"Brip1os",941.125419577891
"Bcam",2402.8701273882
"Slc37a1",807.20800114343
"Hoxd11",0
"Kat2b",2942.59554509115
"Pdzrn4",4678.31190647494
"Gm13177",0
"Papss2",272.472452860996
"Suds3",10590.9610598052
"Olfr980",0
"Fam90a1b",313.992851449064
"Asap3",383.423447170331
"Gm26725",4.57431516278022
"Gm15169",77.9477669214332
"Prpmp5",0
"Gm28249",0
"P2rx3",37.045732411849
"Gm4559",0
"Scgb2b2",0
"Gm15461",0
"Hist1h2bq",1.8155749320832
"Traf6",1187.6843571428
"Hsd17b10",11006.8196761381
"A230065H16Rik",4117.49946724063
"Olfr1284",0
"Armc1",16090.1567557158
"Spata31d1a",3.20748749221854
"Gm26881",685.328242656855
"Ptpn23",2528.30690175723
"Csf1r",2898.458331854
"Sirpa",10856.7448761426
"Gm10230",0
"Gm37422",25.2929789524106
"AU022754",53.7057048394747
"Gm9803",8776.04681080025
"Lect1",315.472875051545
"Sp6",56.6532959061666
"Gm7275",0
"Meikin",9.31788046609341
"Rest",2228.54654122261
"Numa1",5621.43339357665
"Tmem207",0.390434949879023
"Plce1",1383.50687833291
"Phf5a",8644.6583522558
"Vmn1r211",0
"Frmd4b",4524.03854810357
"Ecsit",5921.76468106892
"Xist",29994.0006170331
"Pcdhb4",259.949323305641
"Vmn2r92",0
"Gm31415",0
"Prph",100.701986198041
"Atraid",26079.5105213731
"Slc6a19os",0
"B230104I21Rik",10.9513552139889
"Tkt",25030.5852920869
"Gm16136",4.08570627359379
"Vcpip1",10509.8889518432
"Dtx3",18856.9251219795
"Shc3",113.622508488631
"Zfp36l1",4637.05892954808
"G730003C15Rik",379.43612683634
"Gm11250",0
"Gm42901",61.722619983585
"Gm26767",198.727519154681
"Ifna2",1.67638242007839
"A530053M12Rik",2.89563620099825
"Itgb7",160.559580825961
"Fam131a",6884.01095372798
"Unc80",17762.6146115864
"Med4",5320.60236051633
"Rnf151",9.91344485314896
"Prlh",47.8385791086172
"Phactr1",15158.4042825134
"Olfr181",0
"Thoc7",18079.5940936873
"Slmapos2",0
"Galnt5",13.5256808129527
"Olfr157",0
"Zfp703",1271.339029811
"Rpf2",6495.99829811873
"Gm12829",0
"Fgf17",398.625204039825
"Gm5726",0
"Odf3l1",21.3489195438974
"Amd1",15505.9413086256
"Gm4787",112.67663381774
"Lta",69.1683720842726
"Skil",7212.8852992233
"Scgb2b27",0
"Olfr640",0
"Gm28827",0
"Dars2",1745.02301520918
"Olfr214",0
"Rabepk",4121.21462670451
"SDR42E2",0
"Epgn",21.8327033852498
"Gm15929",12.9094001014646
"Gkap1",9312.82582787927
"Map3k19",318.885998918401
"F630028O10Rik",29.0225395326096
"Hps4",3776.37657363786
"Ugdh",7665.91997096405
"Gm43131",0
"Rpl39l",44.177319631022
"Gm8369",14.7893677703936
"Gm17382",21.3286637334525
"Olfr1441",0
"Gm21797",0
"Rpl18a",63525.6384165961
"Kcnma1",6392.60496348998
"Gm2716",23.7640807473099
"Lrriq3",213.807741961917
"Asna1",12603.0961021287
"Gnl3",8094.56533638389
"Cox20",13071.6177598199
"Tnfsf10",71.9166289557595
"Gm17365",0
"Msl1",10054.6376534032
"Bpifa3",0
"Gm13781",0
"Tnks1bp1",1348.33172186954
"Gm14275",0
"Fgf2",193.747831177935
"Myh15",30.5903244542201
"Olfr531",0
"Vmn1r209",0
"Treml4",13.5560066913355
"Gm20830",0
"Platr17",142.252024498153
"Enkd1",1302.47769649338
"Gm28171",0
"Gypc",161.509522996776
"Olfr473",0
"Gm37896",8.02770805022883
"Ogfod3",2895.98205445896
"Olfr954",0
"Sec11c",33609.7943308236
"Tlr4",48.3341675100357
"Gm17535",0
"Rb1cc1",16713.4108784234
"Ypel5",10012.2509353589
"Gm12629",0
"Gm11861",0
"Kat7",5742.50886101574
"AA672651",1.02679926404938
"Ltf",3.46042947614082
"Dnaja1",48396.4886053669
"Gm37662",2.32521987033059
"Trmt12",1941.69350017817
"Ppp1r35",6267.22263116016
"Gm15155",93.9387839171243
"Dkc1",5760.57522892954
"Btk",108.31499039241
"Akap13",3260.10385120679
"Gm20400",0
"Gm12690",0
"Lrfn3",1368.50193538893
"Pgrmc2",11412.9293851881
"Gm12347",0
"Olfm3",6164.99950249143
"Gm1604b",5.66292880866444
"Rdh9",8.93444784960754
"Slc45a1",4292.56603230931
"Padi6",0.413073840467699
"Gm15872",10.1896564939862
"Kcnk1",7219.07186574011
"Olfr110",0
"Ugt1a5",0
"Art4",8.59874332154208
"Clec2h",0.39452274968722
"Gm43567",15.2134571229476
"Arhgdia",27869.7767324634
"Tnfrsf13b",150.294372495768
"Fbxo48",43.7982342524421
"Sim1",557.058519687013
"Ube2j2",13956.1740730496
"Olfr598",0
"Gm44276",12.33462144771
"Dlk1",14400.4455155981
"Tas2r114",0
"Hoxb8",0
"Ttc21b",2538.52928866848
"Gm15325",0
"Synm",3710.81681837999
"Sprr1b",0
"Ascl4",72.1408623741412
"Skap1",424.908839855432
"Ncf2",1373.94614693716
"Gm30731",68.607089162752
"Galnt14",1397.92174796492
"Thnsl2",502.432884846696
"Zfp418",266.912977472821
"Gm8186",5699.75872258602
"Gm43522",15.5973258433122
"Ppif",3155.29179324219
"Gm4924",651.681412203573
"Lsm12",7747.11241073823
"Tmem254b",0.659754541304336
"Srsf12",4402.8379405139
"Gm13247",6.12580856728859
"Cdk19",3739.46791626348
"Zfp651",2093.36864191188
"Eif4ebp2",855.123214843692
"Pcdhgb4",432.374336873581
"Hectd1",11492.6849900819
"Cps1",40.7358608750433
"Trmt5",1058.56266423526
"Tspan3",47388.4905454177
"Fzd6",221.935949230427
"Gm12958",0
"Gm28431",0
"Rnaseh2b",3840.95224305148
"Mthfs",3127.18806890713
"Limk2",5054.3969144756
"Gm26628",0.65371976584607
"Gm14061",8.15443682288333
"E330014E10Rik",0
"Gm8138",0
"Gm43254",172.333034479584
"Fam102b",4166.13576384472
"Gm16208",46.258439812709
"Btbd19",970.261821055368
"Nagk",11294.6730590272
"Aff1",597.046724904799
"Gm28880",0
"Vnn3",5.18942796051286
"Gm29459",0.819212941540314
"Gm14296",4382.21186608217
"Myh10",10876.6853207313
"Pknox1",1802.11760834708
"Gm3411",237.986062057472
"Ttc27",1713.85746673502
"Olfr993",0
"Speer4f2",0
"Ddx19a",2355.33705169393
"Gm14642",0
"Abhd12b",9.83637071978721
"Sars",19364.758934517
"Gm42624",0
"Man1a2",12158.3363432155
"Fam134c",4062.96842022647
"Med13",5195.70720202514
"Lss",2192.63060348583
"Lrrc8d",4029.06244949518
"Magel2",3839.75531623689
"Gm5483",4.53894004214364
"Gm7221",127.500205075805
"Ccr8",0
"Gm17751",2.06338328234715
"Aspn",893.785721036231
"Amz1",2359.11034653743
"Olfr1434",0
"Gm14936",0.652438289670533
"Klf5",2694.85940771618
"Cyb561",7596.70660249425
"Gm15410",25.5159301703896
"Gm12257",0
"Hist1h2bh",3.19949805215117
"Gm26721",405.204155408942
"Kremen1",250.138440648729
"Eif2b3",5446.7844213139
"Zfp62",4387.43022639487
"Eif3d",12038.1575203621
"Pakap",133.062987813665
"Rraga",28913.5401746073
"Kif14",28.80035968459
"C530050E15Rik",474.851832633906
"Lsm11",1401.1180393159
"Olfr684",0
"Gm42865",7.55535961919709
"Slc25a18",1463.52340071605
"Vps37a",7438.20597971596
"Reps1",3201.96815802352
"Pqlc1",2912.14451271508
"Elmo2",4353.86592499779
"Terf2",3836.91266533281
"Cmbl",2634.50724030435
"Inpp5b",2147.19721808706
"Phkb",3226.27227749177
"Klhl18",2122.76052704421
"Dusp19",3358.6554327608
"A930011G23Rik",1643.01336148389
"Gm26713",0
"AI507597",8.04828048432199
"Arl5b",2804.95280730944
"Gm7976",0
"Kbtbd12",50.2293520349054
"Polr3c",2454.83502292131
"Itpka",2524.06870422591
"Hnrnpa3",37381.4421551549
"Ces2b",5.19798010924914
"Atad3aos",366.213927158182
"Ankfn1",240.88623725732
"Ict1os",48.5724024825688
"Gm21119",16.1791713893045
"Asnsd1",3152.33651821384
"Plbd2",5156.41564564813
"Ubiad1",562.518985667957
"Fxn",3077.94784338646
"Gm14262",0
"Hspbap1",630.239256710223
"Gm43782",0
"Gm8094",0.954036971577283
"Il1f10",0
"Gm16503",315.42052322151
"Gm20641",0.798899009077392
"Gm7233",26.5980761567807
"Srfbp1",1540.09392850136
"Gm16168",615.930559848083
"Nfs1",6532.25703003862
"Slc16a4",436.384862823111
"Adamts12",10.7234637401993
"B230112J18Rik",39.5689795266854
"Hpd",0
"Vmn1r93",0
"Msantd1",891.396864107765
"Tlr6",73.5857963936751
"Gja8",0
"Gm13151",15.6007086472226
"Fxyd1",3128.91411057392
"Gm4778",0
"Dcaf11",6788.82614499018
"Muc13",0
"Gm21760",0
"Fam104a",14489.0442516571
"Ppt1",17019.9525605254
"Cpa5",10.5047825651066
"Gm5117",333.769395983165
"Sirt2",28314.5436512252
"Irf5",1239.20596412461
"Olfr417",0
"Adh6a",0
"Sbk3",78.9696016685532
"Col11a2",1035.81457690943
"Ankrd60",0
"Rab3il1",764.127679130782
"P4ha1",6553.709293977
"Slco1a1",6.08918077072557
"Nap1l4",23575.1049401047
"Gm29341",0
"Gm13855",1.59300264994819
"Gm13166",36.1287512122886
"Naaladl1",1.1113048706232
"Zmynd10",873.89074668934
"Pycrl",5405.74003606723
"Mvk",2813.87899081998
"Gm12316",2.42219884221952
"Mmab",1811.38425758248
"Ap5m1",1722.25704059265
"Usp53",4598.03088318436
"Cep68",1743.54402954979
"Csnk2b",14727.68422362
"Gm10378",0
"Fam149a",2184.43098242233
"Vangl1",782.348974722605
"Prx",10.0055700084571
"Gm13145",2.04304451537086
"Gm42754",2.72411088952621
"C3",59.3871307033359
"Tacc3",936.230825260377
"Gm27232",2.24196425464896
"Psd3",12640.2614081424
"Dscc1",57.917322634282
"l7Rn6",12877.8720063821
"Tmem150c",4165.9593271642
"Clec12b",6.89858897222138
"Gm26738",1.24179194080148
"H3f3a",36147.7763327213
"Tspan10",10.7913682329064
"Olfr992",0
"Csn3",1.8541474449949
"Gm15734",33.6540160352759
"Tmem236",34.6783003943576
"Pex2",9380.05470528919
"Plk1",80.9023753987584
"Itga11",113.465917201583
"BC035044",306.752957155157
"Sec24b",4545.74710450825
"Myh4",61.2122902912096
"Olfr713",0
"Prss23",1761.80043609583
"Gjc1",826.9660631778
"Map3k1",1410.7902318604
"Gm15723",17.6964042266688
"Idh2",7139.32162425113
"Spic",43.9765768336902
"Tcfl5",105.991025193853
"Taf9",480.568895779666
"Gm29362",2.15809490138559
"Tardbp",13659.8745663616
"Cldn1",74.667060872626
"Plpp5",2445.61028215767
"Gm37547",0
"Fam35a",1453.19240405365
"Cplx1",11162.9624218696
"Gm13883",29.5116364220745
"Rbm14",3012.26193390858
"Slc13a2os",0.989345848664411
"Vav3",869.667403393349
"Banf2os",52.1684231464355
"Dnajc28",1085.41371745744
"Gm12343",0
"Triml1",0
"Vmn2r38",0
"Fli1",545.030954655256
"Ptma",71359.8356303162
"Dync1li1",12622.5909103602
"Olfr1018",0
"Arpc4",16594.7464580129
"Gm12678",2.7951175724901
"Cstf1",2334.55359664878
"Chtf8",3398.30775019369
"Gm13595",24.4684467314637
"Sult6b1",17.2255378701188
"Slc45a4",1626.73512797458
"Vmn1r118",0
"Gm13816",0.662519398969564
"Tmcc2",5219.24951451282
"Lmx1b",2.13738928804202
"Gm5862",15.4794839315258
"Sart1",6458.51415726919
"Ipo13",5500.82424670614
"Nxt2",8589.50714764357
"Tmie",5319.04233888886
"Gm17057",3.7461418934083
"Fa2h",11001.7128464642
"Gm12167",0
"Cenpp",494.902147904434
"Gm28521",0
"B430319H21Rik",9.26217776087629
"Gm28103",0
"Crb1",368.462196018454
"Cfap74",690.612427284152
"Sgpp1",4932.39446726263
"Mecr",2211.51402528939
"Puf60",24246.0948136174
"Fermt3",559.593413625261
"Adssl1",11081.7803701391
"Eif5a2",3039.71063624844
"Tmem14c",11802.9087236078
"AV099323",129.345298183104
"Gck",2253.90609085434
"Gm10229",0
"Gm8020",1.48489814474497
"Igfbp5",5708.09373317534
"Gm13589",294.538159406433
"Tm4sf5",923.082339751586
"Tram1",9649.29552712278
"Reg1",2.94115543109657
"Kirrel3",3806.38855366135
"Nlrp12",2.81724771965341
"Josd1",3677.68208425892
"Rras",975.172335555733
"Cbln3",26.63914376888
"Etv3",3391.97995213607
"Ncf1",670.425346153322
"Gm3095",2.38120511624082
"Gm42756",1061.83047788024
"Adra2b",116.170324306959
"Gm28199",3.38740636235628
"Pvrl2",2694.3303121208
"Cap1",3263.99137075074
"Tmem255a",12643.3361471092
"Gm31678",0
"Ripk2",1001.97149795251
"Dirc2",5040.76573581544
"Gm26703",167.759876134837
"Rhobtb3",4864.73117494964
"Gm17613",0
"Gm43476",0
"Tcap",106.58299258727
"Lrrn4",80.1466069435364
"Ankrd53",0
"Platr1",12.5109242410022
"Limd1",2130.9786116264
"Rdh12",712.596248150769
"Usp36",3909.07831482068
"Pmepa1",2462.42140057676
"Zfp930",930.459955712117
"Hnrnpul1",8062.31519253945
"Gm3252",348.046957367632
"Gm44072",0
"Ilk",9133.33123288439
"Atg9b",3325.48009960017
"Gm28928",85.0161568674665
"Gm17090",0.458692665317291
"Spata31d1b",1.15362686341201
"Ergic1",7094.91944399189
"Olfr914",0
"Dck",1883.55333000645
"Gm5087",21.9372547531893
"Vmn1r10",0
"Gm28331",0
"Gm26511",356.940415810696
"Apobec2",90.7150418733302
"Ermard",2570.68098804684
"Lgmn",26019.9618612658
"Zfp65",1418.44379061526
"Smim15",9141.01096264472
"Trmt10a",2687.26816818892
"D830039M14Rik",24.4914237268044
"Slc26a7",14.7585224429866
"Olfr951",0
"Ndnl2",13363.0054898026
"Gm38394",152.550417735922
"Gm15473",8.01665987638649
"Gm42491",0
"Pank3",4917.01945129065
"Olfr641",0
"Alkbh8",4791.272033912
"Kank4",383.815583525807
"Atf7ip",8939.42977067251
"Gm13178",1.01476158156167
"Defb23",0.308639999454569
"Gm29027",0
"Gm9947",94.4793739658957
"Smurf2",2249.29459807598
"Lcn6",1.05292423092078
"Gal3st4",76.1667886852178
"Dkk4",0
"Olfr1239",0
"Platr26",11.5754567112871
"Cyp4f40",0
"Bpifa1",1.19446364581008
"Gm12660",0
"Btla",111.04149076088
"Gm30353",0
"Atf3",3578.45665474859
"Cbx4",7327.46434578472
"Ptchd3",0.84245120190326
"Llgl2",56.4333092208277
"Hoxb6",0
"Adam29",0
"Baiap2l2",238.0745302459
"Aftph",7953.4231731804
"C230057A21Rik",2.37111351641806
"Rrp36",3333.43082529034
"Amica1",32.8650996683475
"Gm29210",0
"Dpt",9.0071754767681
"Gm15845",0.474173470953775
"Cyp2j11",1.06572731383972
"Gm21858",0
"C130071C03Rik",3112.50745156555
"Lef1",751.505610105135
"Irf6",16.48698712608
"Dnd1",169.287645720781
"Desi1",17643.5873153103
"Gm15643",0
"Ldlrad3",2005.46037709189
"Gm29110",0
"Styxl1",13.8699530559911
"Nrsn2",35587.372376839
"Spink13",14.1820246201987
"Pcbd1",9662.49029008237
"Mrps23",7029.84657753568
"Mat2a",30120.4093176549
"Ncs1",9144.02339431567
"A830039N20Rik",2900.22458801332
"Olfr297",0
"Gm4876",1085.03815940845
"BC048679",0
"Gm16567",0
"Ccdc159",310.25952490512
"Gm26770",23.2951716639538
"Prr3",6601.43978846259
"Pla2g4a",1463.0329795465
"Fam105a",2334.46694878911
"A530021J07Rik",0.53027437508789
"Cx3cl1",15636.3289353051
"Igsf8",28854.375445117
"Gm15884",0
"Gm13563",106.075035420932
"Cr1l",5562.84833864994
"Gm15677",13.7782829966983
"Acap1",3.75104508392407
"Cysrt1",14.4807407104914
"Ncoa3",3183.92743534585
"Dennd4b",1620.51426014665
"Gm26670",846.656941315733
"Clip4",6089.763646072
"Gm28313",0
"Ppig",25388.0835184447
"Gm5592",0
"Vsx2",9.94094981374476
"Flnc",56.5149706621738
"Tmed10",32966.9849695113
"Gm21865",0
"Ppp2r1b",1511.30868652896
"Lsmem2",0
"Zranb3",854.381943829433
"Gm2762",72.0794501711773
"Rcbtb2",3360.43950419019
"Vmn1r230",0
"Gm26908",40.4925361351591
"Gm815",0
"Acot4",65.9014913693805
"Nisch",24509.9730590853
"Kng2",4.33693811398332
"Gm7580",1.27129593197073
"Nxpe2",33.3507185024055
"Gja6",33.2983588069788
"Usp29",22166.466301598
"Fam45a",7923.48639717628
"Ovch2",0
"Gm37596",0
"Heatr9",0
"Nkd1",6137.52928728385
"Stc1",1168.28050752128
"Ifnlr1",14.4476690923687
"Mageb1",0
"Dock11",2194.14619311888
"Fbxw14.1",0
"Gm42428",0
"Ddx21",4491.15990912542
"Rap2a",6882.54837903934
"Tmprss11d",4.7276757780686
"Gm14198",12.5376695557657
"Gm33222",0
"Apod",24642.3831994278
"Rab24",15977.8914571497
"Gm20765",0
"Gm3755",7.26973609514599
"Pign",3234.45769672827
"Aqp8",4.69530875100519
"Txndc17",17192.3211962068
"Polr3d",5166.32929031703
"Gm6602",0.442747370728218
"Cd247",13.6774841641666
"Emc8",7850.01498970957
"Dhx35",858.425766409146
"Psap",65745.2649034411
"Map3k11",1520.75836437215
"Dennd4a",3688.4136051594
"Btf3l4",16082.3487774597
"Anapc2",8295.74869236422
"Gpbp1",21437.9293572858
"Cdk14",7448.13330593685
"Eif4ebp3",0
"N6amt2",8022.12678294725
"Mrps5",12514.8786543088
"Eif1",81534.247820506
"Gm12069",2.08525855880846
"Gna11",11419.7581201016
"Gm13262",0.959467439802197
"Dbpht2",13295.9390649317
"Pcdha6",104.884734773726
"Stra13",7849.74496922715
"Caly",46516.4137375371
"AF529169",949.414175873385
"Gm43409",22.6352312760118
"Pde11a",727.385448657193
"Tnfrsf10b",78.0022117201719
"Dhx58",158.481297529207
"Scn5a",1013.83231934075
"Myt1l",16243.7292250346
"Gdi2",25141.3151541846
"Spata25",11.2521407058643
"Bbof1",2042.89204855692
"Rpusd3",1315.93694214281
"Atp5j2",47005.6635395446
"Opn4",11.8729050406711
"Zfp458",1535.13928129422
"Gm12718",0
"Slc9a6",8643.65307361902
"Cirh1a",4070.00796829479
"Rhox2a",0
"Gm11710",0
"D030025P21Rik",7.38292708268294
"Rrp15",2643.87826998428
"Cntnap1",3129.25195092058
"Gm15883",3.04393533797997
"Scgb1a1",0.718852867018227
"Tmem135",5684.33274392328
"Tbx2",165.847158524572
"Cdkn2c",828.873761683311
"Dopey2",3548.07897259574
"Zic5",1663.44103239576
"Defb21",0
"Psmg1",4419.45269888003
"Gm10797",5.75479135842033
"Cfap44",613.68236420356
"Gm6096",0
"Cts6",0
"Sry",0
"Slc25a43",115.69394831132
"Mipep",2415.40494766827
"Ppara",92.1233523881554
"Fhl5",17.5820517095035
"C1s1",279.008227459524
"Zfp286os",0
"A430005L14Rik",6812.6716385772
"Fibin",857.776976931656
"Gm15657",0
"Gm996",2536.67314308568
"Max",12234.6449985853
"Nhsl2",3337.90146768791
"Gm13860",1.58155171601472
"Ppp2r1a",31908.7512337141
"Gm13051",29.2590329376461
"Gm7356",0
"Rdh10",1473.96484369128
"Fech",6707.63694212014
"Sh2d7",2.88675068443819
"Gm37112",0
"Elovl4",10305.5031182721
"Gm29417",87.2783577264492
"Gm12374",0
"Kcnq1ot1",30217.4764975294
"Gm5771",1.65629820731423
"Il17c",0
"Utf1",10.6873087334498
"Lrrn4cl",165.396822580633
"Spint5",0
"Lhfpl2",1089.0957844849
"Mpv17l2",4007.63085978531
"Lce1i",1.10898554617327
"Clta",37990.7711317595
"C2cd4d",532.48135235284
"Dedd",3743.26555676802
"Gm26789",65.7259198008727
"Nrg3",2129.85277925859
"Dcbld1",1627.47532896646
"Tmem65",6898.78138718965
"Hus1b",17.4487870107876
"Gm15886",3.1332419084283
"Gm26877",30.9434144403638
"Gm12689",323.878434669123
"Unc5b",3500.98285395721
"Neil3",67.7774410237896
"Ppid",18397.7161166637
"Gm42476",0
"Olfr1048",0
"Tectb",4.42718751042487
"Gm28454",0
"Lgals7",268.132526694103
"Tmlhe",182.307438030481
"Capn1",242.205117174724
"Olfr322",0
"Ankdd1b",19.4083493535614
"Dntt",5.99003883679909
"Nup133",1949.03304219427
"Rabif",5047.81811485291
"Swi5",35406.7702934771
"Supv3l1",1374.90267849811
"Fezf2",341.409216599186
"Rnf112",8468.65147936643
"Slc38a6",1848.48051201201
"Bahd1",1031.83642419882
"C230088H06Rik",2.68869645709832
"Anapc5",19580.8193086643
"Atat1",8114.26860519872
"Abcb1b",393.303422770396
"Cxxc1",4843.53810133765
"Asb8",7184.24870187644
"Cuzd1",18.3051368818286
"Gm28291",0
"Tnks",5122.91284365042
"Zbtb1",2284.32784229165
"C920006O11Rik",1524.75314309207
"Elovl3",2.12128050640243
"Col26a1",452.335816668401
"Far1os",0
"Gm43741",14.4581203122041
"Zfp111",689.059555655931
"Gm14149",7.59975509475737
"Gm37657",0
"Rbm43",1855.90981270053
"Pabpc2",1.60465512133204
"Cmc2",4617.30723945544
"Rnf11",19522.5721767291
"Baiap3",15053.6445555475
"Ccdc124",16974.616686638
"Slc1a4",3438.57855497934
"Olfr406",0
"Zfp568",325.949171678956
"Olfr869",0
"Cnnm4",814.841524193964
"Tfdp1",421.82900970392
"Vmp1",27685.9808938505
"Ift46",6127.16424315442
"Tceanc2",2358.57042044085
"Eya1",412.413658833123
"Polr3a",1886.47843041511
"Fam234a",2523.23934319401
"Alas1",5959.1601736131
"Nf1",10039.2122204231
"Rhog",8499.7565422069
"Gm29215",0
"Nbeal2",777.367507772729
"Gm38161",1.16443112276236
"Iqcc",2749.74723968717
"Skor2",27.1952448459627
"Gm6507",0
"Mnd1",172.434709407865
"Olfr698",0
"Zfp456",41.4358362588187
"Rab22a",6306.55238473284
"Gm11521",7.18563386192916
"Far1",12334.9857808734
"Fbxl13",32.358989114005
"Gsdma",33.391671724781
"Mall",93.4183360610401
"Gm11520",47.4371910507498
"Ly6g",0
"Rnasel",1120.80446062119
"Gm43685",0
"Rhd",38.1990230622774
"Teddm2",441.743595048441
"Gm13609",0
"Ppil6",668.726004902303
"Hyls1",780.999074382554
"Gm11973",10.0221077445724
"Olfr270",0
"Gcc2",17633.5060956326
"Dnajb8",0
"Atg4a",1040.1770284571
"Sephs1",2168.63584674676
"Gtf3c4",3374.85739323561
"Gm13001",0
"Zfp57",2808.38926855354
"Sult1a1",489.151753065372
"Tssk2",1.24654790809193
"Fancm",1553.33399292387
"Gm7102",111.148976447074
"Ddx28",2400.51633881967
"Ints4",3153.05383386519
"Hhipl1",25.3749171371746
"Olfr456",1.30337028271878
"Purg",1970.62456268448
"Gm42489",2.46834463555271
"Ooep",561.802644253582
"Rps27rt",18873.3354711734
"Rps3a1",48659.4104927378
"Gm29316",0
"Saa1",66.9758566185786
"Gm15138",24.4439355154243
"Zfp672",4993.65819863651
"Eva1c",289.195997681017
"Adck4",2483.07924629265
"Gm29398",0
"Tet2",5167.171174051
"Dnajc3",11670.747538426
"Pms2",2892.47029728033
"Gm12280",35.5825049378257
"Mcur1",1839.29569186323
"Tsc2",2970.06801230108
"Tgfbr2",515.112523612288
"Eif2b2",5315.56656937961
"Abi3",339.05360512189
"Apoa4",4.00066678069561
"Fam71d",40.6320872290618
"Gm28745",0
"Esp34",0
"Gm3327",0
"Reg3d",0
"Wdr5",2447.67844299775
"Tpr",25430.4426648348
"Vmn1r126",0
"Gm28731",49.7588939185744
"Gipc2",1096.06515257795
"Gm9923",146.786139283906
"Actr3b",5854.49692144217
"Olfr670",0
"Dek",16805.5590894531
"Gm17033",1.32771026112447
"Zfp641",693.241630925455
"Gm14505",0
"Gm10382",144.175135065733
"Gm595",1.45965319482618
"Wnt8a",1.1524400913823
"Psma7",38877.3919139665
"Ppp5c",14381.2320154479
"Gm28081",0
"Olfr1111",0
"Gm21975",105.08219842249
"Senp3",3933.614705079
"Zar1l",150.220286359009
"Gm28187",2.88058150936638
"Ispd",2341.47364058305
"Tnfsf9",732.863067203432
"Edn1",1129.10368008051
"Gm4841",2.84705498720149
"Gm42704",0
"Tia1",23651.4860204616
"Raxos1",0
"Plekhn1",234.518525728389
"Cpm",2459.37704028613
"Spata31d1c",1.00932855686878
"Gm15706",961.062804850113
"Rpl28",42851.0570909293
"Tns4",8.76085425642733
"Aspm",134.924220071297
"Slc11a1",569.638287802593
"Rln3",5.09244077058612
"Arhgap39",4104.3109756522
"Gm12352",0
"Rnpepl1",4014.62123120714
"Emilin2",1116.53045537341
"Cables1",1218.34617762843
"Gnpnat1",4930.51450952771
"Setmar",316.79698046435
"Ift88os",6.34234405783331
"Klhl32",3746.00248562663
"Slc22a17",49412.2090696358
"Efna3",4457.2955426829
"Olfr1432",0
"Pomgnt1",4560.00884136346
"Olfr412",0
"A330009N23Rik",691.374932097095
"Olfr596",0
"Klhl13",9005.12903876697
"Gm12243",8.95170232884786
"Qars",4500.37362964902
"Ctif",3023.88902780897
"Gm27159",2.51760080744272
"Pdlim4",1365.91791274951
"Rai2",2147.96461429028
"Smyd4",2557.76240531218
"Gm567",3.51502755144685
"Gm21822",0
"Vip",1868.97988140306
"Olfr805",0
"Gpr180",5026.70349703312
"Zfp518a",2546.28897542449
"Psmb3",31128.1461849211
"Tgm3",65.9446924308318
"Emc9",9703.25624494312
"Card14",20.7872465775939
"Rapgef4os1",0
"Gm15718",3.07235034600519
"Zmynd8",12798.7336271984
"Cd200r2",16.1841610135874
"Dtx2",1179.80623917853
"Gm7694",142.845474788724
"Hpgds",2195.77037390434
"Dlgap3",2318.04409513078
"Spg20",8960.9799433568
"Gm20773",0
"Taar7e",0
"Gm9748",114.71662232151
"Xirp1",52.3951944248631
"Arhgap4",216.601583788543
"Veph1",15.2516763825798
"Dock8",133.577113989388
"Depdc5",2411.07291130209
"Islr",336.559769290528
"Pex7",7218.13878090296
"Serpinb1c",9.60922098997296
"Gm37933",64.112480580467
"Vmn1r30",0
"A230009B12Rik",1116.82199840983
"Olfr525",0
"Cad",596.97883885486
"Gm29237",8.38775419842921
"Fstl5",8496.24729593286
"Gm15128",0
"Spopl",4681.95001772661
"Epyc",2.85017780923334
"Slc16a10",191.251585024682
"Pyroxd2",66.2080745876227
"Gm11209",0
"Zfp414",8331.34303361627
"Mapkapk5",1012.91130295761
"Gm15341",1.43133468889517
"Ubac1",7385.79753322825
"Nova2.1",0
"Itga10",215.417200264318
"Eno1",37119.4710990996
"Ptchd4",2173.05623387857
"Svopl",28.5430536069506
"Gm28370",12.9591858195034
"Spib",10.8164509876435
"Platr27",1.70667349378775
"Ctdspl2",7987.38964966937
"Foxc1",320.166139690006
"Gm26601",1461.74406037019
"Coq6",2888.79370178265
"Papd7",2177.00921369426
"Gm15323",0.678572657402677
"Awat2",19.236993788799
"Olfr1006",0
"Fubp1",23880.8295900876
"Alg12",604.347908656969
"Olfr1254",0
"Gm21773",0
"Mettl7a3",31.9833120350522
"Lig1",2986.16387671495
"Stag2",9167.76851458041
"Rsbn1",8119.64221851591
"Zfy2",0
"Gm12158",1.1942080113674
"Fam155a",7032.25753663937
"Gm42439",0.559208948749057
"Esp1",0
"Slc7a9",1.54922570093006
"Gm20824",0
"Vmn1r155",0
"Gm11342",2.26958725574
"Ccnd1",5085.50318072912
"Gm31466",0
"Nol8",3613.81163765172
"Uap1",7697.9321268249
"Gm16429",0
"Zfp759",979.811814285631
"Thrb",3062.15678384963
"Bax",16731.6672983198
"Spef2",380.91270818182
"Mras",5347.6210325275
"Tekt5",1508.57885375035
"Gm10184",492.593133806696
"Rlbp1",1114.0953493884
"Gm26717",1.04545981178409
"Slc22a2",4.47919710702758
"Cmc4",4009.2526101192
"Pdgfd",266.681310366845
"Yme1l1",13638.5930379783
"Adprh",16894.478220578
"Lpgat1",13379.7912842871
"Tmem203",3024.65020409574
"Olfr488",0
"Gm26779",112.561147695307
"Arhgef37",24.1631848250671
"Efcab6",148.49679965146
"Gm13203",0.5996549480434
"Gm12862",1.44343030804798
"Trpv4",204.915917631397
"Tmem119",1160.94658569748
"Trpt1",2451.79447245946
"Ptbp3",4567.62163362167
"Narf",3991.61521072139
"Vmn2r69",0
"Gucy2f",156.443167519513
"F730035M05Rik",0
"Gm16045",3.46232691476771
"Adamts2",1036.14424443828
"Gm30725",1.12267040010244
"Fam84b",263.842251434169
"Gm43674",84.2427258702419
"Cetn1",1.56548839794997
"Elf2",5068.72443782728
"Myl6b",971.792848261057
"Grem2",2382.84449716344
"Gm28892",1.14948496409249
"Prdm12",175.218013017313
"Abcd3",9510.93717451937
"Gm28610",0
"Rab5c",14980.0414741577
"Fam124b",14.2065289148337
"Aplnr",20.5059997729036
"Gm28209",1.73724132094828
"Olfr517",0
"Gm26634",0
"Ctla4",2.83029388731874
"Herc2",12833.4787685551
"Epm2a",2359.24864915971
"Epb41l3",25743.8500192347
"Clk4",12234.2732895501
"Gm8797",60568.2521229641
"Gm43056",14.3259451530151
"Hoxa11",0
"Slmo1",1654.5139717192
"Eno1b",3166.89426096113
"Gm5039",0.843732861826267
"Gm29264",8.42608786496444
"Lpar5",11.0161799303057
"Iqcf1",0
"A330032B11Rik",63.9063575822078
"H2afy2",5373.69215426059
"Sprr2h",0
"Umps",2278.64017200419
"Olfr235",0
"Gm12930",0.896171955490736
"Gm43207",29.2393491275834
"Recql5",1076.76328169074
"Olfr1148",0
"St3gal1",919.412736315108
"Eif5",33234.0163920421
"Nup188",880.932350105536
"Ghrhr",2.35851643570355
"BC061237",0
"Gm28091",0
"Gm28566",0
"Samd14",4900.26029657892
"Heg1",1151.81167276499
"Ska3",100.774131204859
"Gm12259",0
"Vpreb3",14.320422468821
"Olfr1306",0
"Tm6sf1",2234.05128324741
"Tspo",1625.32751298644
"Lrp5",185.373271413383
"Lrrc3c",0
"Atmin",5479.95230518369
"Lsm14b",4474.12742682345
"Zfp677",512.238416615108
"Try10",0
"Man2b1",3238.82748347307
"Gm42592",0
"Lair1",924.349541973728
"Wdyhv1",2833.42227167989
"Gm17693",0
"Dennd6b",5356.89015999164
"Gm42477",0
"Fam73a",9627.24427713913
"Gm28774",0
"Yod1",5102.25882840456
"Olfr1033",0
"Lpo",131.013543072625
"Gm12789",0
"Gm38370",0
"Rsbn1l",7906.45613990386
"Gm28287",1.82733269553611
"Trappc12",5047.49093290606
"Fbxl21",943.282205330024
"Gm15735",51.362958914826
"Eef1b2",23992.5618025346
"Olfr1199",0
"Thnsl1",4354.43202260945
"Olfr373",0
"Gpr176",1167.7806227075
"Paox",636.949525564506
"Gm15813",2.61188219742674
"Med30",10998.6722707866
"Ipmk",2997.97730094135
"Gm42706",0.417164358110735
"Otx1",51.8545296766041
"Dexi",6022.57211711012
"Lgr5",420.302730206552
"Kbtbd7",3242.10817984673
"E2f4",2894.63476960836
"Gm14029",12.2536786328587
"Hspa1b",1543.12072882353
"U2af2",12658.7488626809
"Lce1l",0
"D130040H23Rik",885.710602799874
"Tigd5",670.984043451641
"Gm21718",0
"BC017158",1084.4555812761
"Csde1",23880.1223780022
"Abca14",2.97901358831664
"Gm13031",272.266392873071
"Mid1ip1",20569.4542258376
"Lrig1",985.648935659191
"BC039966",604.896333283465
"Gm43121",0
"Aqr",5843.08143759759
"Npm2",58.7030387664644
"Bmp6",9.52464182068332
"Hist1h2ap",1355.24202524774
"Commd9",10092.5326712794
"Gm43642",0
"Gpr20",346.726432814434
"Arg1",38.8850527343475
"Tc2n",38.5894455545601
"Ahsg",2.89558133633711
"Gm16513",0
"Gm37263",0
"Nfkbil1",2714.69681939936
"Mcpt8",0
"Kcnq4",280.91332497393
"Gm3029",0
"Awat1",0.688085888556687
"Gm4744",0
"Gm29595",291.438835803043
"Poc1a",2720.93996753824
"Mphosph8",18382.6177934889
"Gnat3",2.88405886142709
"Olfr827",0
"Olfr357",0
"Pask",391.550771684245
"Gm20978",0
"Snap47",34955.0616777874
"Cyp2c54",0
"Ndufb9",38786.5528093548
"Knstrn",134.477595655695
"Exosc9",7106.23434120012
"Gm9915",13.5738303033314
"Xxylt1",698.907885598741
"Fhod1",264.946036863606
"Tnp2",2.15213711660894
"Zfp791",65.8621173703893
"Gm43151",0
"Gm29626",0
"Rrm2",246.50205195051
"Gm5565",0
"Stxbp6",7158.18298569054
"Shbg",8.2196270926645
"Tlx1os",0
"Gm12840",374.080627061136
"Zfp266",4289.33794278372
"Lin7c",7284.02102557329
"Atp6v1b1",0.693747721064432
"Gm29100",21.6973484012774
"Scyl1",6100.60643838493
"Arhgef40",4713.95864967198
"Gm15972",101.499306104024
"Tmed1",5358.55555042801
"Sh3bgrl3",31887.6197416382
"Rpl7",41107.7073589726
"Pstk",6031.91926349853
"Gm26674",18.7427559649232
"Gm20659",11.7810263870945
"Arhgef4",9433.01697356128
"Raf1",8635.16221800002
"Nkpd1",415.863152957803
"Gm26873",6.78536099800793
"Gm43796",3377.27188908739
"Decr1",2102.42059500065
"Trpm7",7870.77883804711
"Cndp1",76.8989117176861
"Manbal",13849.8419732581
"Paics",11963.8445906307
"Rpn1",18793.6086939185
"AC123873.3",0
"Vmn2r76",0
"Gm12888",0
"Ptgfrn",835.066902344556
"Aurka",154.922159719122
"Fbxl19",1970.46452640196
"Oas2",16.8579714924742
"Svil",1039.34691205513
"Wnt9a",68.2785644614389
"Hnrnpa2b1",52018.0667288744
"Hars2",2984.80265028844
"Thumpd1",10637.1331195036
"A630001G21Rik",94.3221723317067
"Gm14351",0
"Abhd11",6166.81725993837
"Polr2g",20400.0237468967
"Gm15907",0
"Dis3l",2219.82185029141
"Gm28549",0
"Gm17268",0
"Dcps",6796.47553128815
"Ptpn4",6251.52305687813
"Tmsb15a",0.550523427410366
"Map1b",55783.6217418292
"Tex16",267.692800135807
"Olfr1105",0
"Edc4",3475.37219863685
"Gm16116",2.29357582482779
"Basp1",32526.7468381634
"Celf5",11991.353430945
"Fkbpl",2064.50507247438
"S100a8",128.474018505502
"Ces1e",0
"AC164084.2",0
"Nfx1",10771.4114276082
"Ptp4a2",13126.6807838624
"Tns1",1509.18726245284
"Slain1",14149.1515256649
"Gm14474",0
"Olfr187",0
"Golga7b",5880.79548074429
"Gm26910",1171.69298173433
"Olfr290",0
"Kctd14",74.9803396825702
"Tbc1d30",1975.18273602089
"Rrad",3687.83851880834
"Casd1",9856.765222475
"Ctu1",1022.52986983129
"Klhl8",3585.43667827884
"Gm21836",0
"Olfr447",0
"Il1r2",170.729508706229
"Gm43450",6.09140359823335
"Gm5600",0
"Gm15322",0.662610456699864
"Gm15441",38.8853104558545
"Ift140",886.788864501514
"Prl2c1",0
"Wfdc16",0
"Gm29497",0
"BC117090",0.845549309148197
"Tsen34",23868.6881811529
"Tmem252",354.143870146413
"Bmper",814.943187497704
"Pdha2",0
"Olfr1427",0
"Gm21789",0
"Thy1",23899.1183305883
"Rock1",9025.46238824633
"Gm12909",0
"Gm807",50.5144658397343
"Mup14",0
"Lrrc40",2578.05595594201
"Sdc3",8597.55563526513
"Sipa1l3",1995.26675773954
"Ddx55",7352.57464182467
"Ddx51",1451.77800867103
"Ncapd2",1150.22171404349
"Uxt",2260.57026147479
"Gsta3",501.939831681389
"Gm14224",2.66441756486013
"Olfr441",0
"Gm43635",0
"Tcl1b5",0
"Serpinb6c",11.4649283325432
"Tnn",12.5294029237533
"Ampd3",2384.02382621306
"Pabpc4",2863.51434037789
"Gm10118",509.77796138007
"Tmem167",17733.4500524161
"Dmrtc1c1",0
"Gm14285",2.27265717162608
"Aimp1",16288.7641809836
"Kdm5a",8887.97458426042
"Olfr123",0
"Slc47a2",6.97807927851003
"Creb1",5153.00642176403
"Brwd1",13631.3030805363
"Gm14033",148.399383909199
"Gm12474",0
"Gm12670",0
"A230065N10Rik",105.049355999774
"Gm26577",49.4643707955741
"Cyp4a10",0
"Gm5118",2.07948778839124
"Gm37146",2.24699349827584
"H1fx",5478.16331603429
"Uba3",11211.628462037
"Purb",19319.2122302473
"Fmr1os",12.1881261600035
"Dio3",451.037520523435
"Gm9970",18.5969393240849
"Gm37912",0
"Trim58",6.89553608354
"Galnt3",221.178592042433
"Klk7",0.472484393295994
"Nlrp6",40.966359833837
"Ciz1",3331.54467728383
"Hiatl1",6493.04730493098
"Gm4889",83.9351200194176
"Vmn1r149",0
"Kif13a",2950.99287581062
"Lrrcc1",6436.13658138414
"Eif4e3",2798.0008062226
"Smim13",9177.65280327488
"Gm28652",19.4323893199495
"Slc29a2",1161.33130898465
"Ehmt2",6375.8446960885
"Gm42470",0
"Erich4",20.5366099029609
"Trim66",2121.31016588224
"Ldlrad2",1.45059561996683
"Map7d2",26801.2307960388
"Gm15315",0
"Snapc5",8358.65375449731
"Rfc3",2987.91806175095
"Trip11",10786.968624651
"B430119L08Rik",0
"Rbm48",3822.33656735619
"Gm37378",0
"Gm21962",69.4356875968767
"Fam205a2.1",0
"Fgf4",0
"Yipf7",12.9926238125762
"Fbp1",81.5872539154564
"Omt2a",0
"Gm156",0
"Qrich2",10.594636188096
"Fam168b",9720.20597414708
"Pnn",23764.3356278704
"Amotl2",2504.93822375306
"Ifnk",1.102628358323
"Capns1",30351.6981723018
"Aqp9",50.5454540463735
"Ostf1",5445.68000774034
"Zc3hav1",833.996001056482
"Gm5891",0
"Chst2",7554.63739055087
"Zfp26",2043.95610796066
"Sult1d1",0.886547578213767
"Gm14225",0
"Gm11630",7.43646626402812
"Olfr559",0
"Srek1",9886.31712246305
"Gm26540",68.8683715066552
"Gm2990",25.2657417604165
"Cox8b",15.2869884076687
"Glipr1",321.968883242766
"Tars",4410.11113613219
"Cyp2j13",1.65671800602048
"Tmem234",21723.6513015006
"Smpdl3b",533.76679685136
"Rsl24d1",12867.5441266597
"Rab37",266.77910471743
"Lhpp",974.399376740575
"Gm19345",591.562398809227
"Tcaim",2633.64788248611
"A730036I17Rik",35.1110359629112
"Pianp",16694.9318347871
"Gm43703",17.6467046931358
"Gm16133",20.8225335976616
"Dagla",1074.80045934074
"Map2k7",9540.17377839629
"Hgf",114.304444773742
"Zfp953",172.318422874839
"Cldn24",1.05487205098743
"Cyp2a5",50.5728571503102
"Trappc11",3709.55299285954
"Olfr1024",0
"Fnd3c2",0
"Gm14257",0.213619897699522
"Gm26844",0.78606501472565
"Mpeg1",990.787770664942
"Prmt2",21384.2652556008
"March5",9458.7123933833
"Asic1",4528.32624205914
"Gsdma3",1.56818855733373
"Osgep",6513.0684475719
"Cby1",9063.77990346259
"BC094916",1.704435420561
"Tpp1",6748.35271682957
"Ryr3",2677.28058453204
"Gm28811",0
"Gm16086",0.443906085185522
"Smarcd2",1146.30341585848
"Pgpep1l",157.729046660899
"Lpar6",1507.42920841811
"Ccer1",1.67142735157761
"Olfr368",0
"Crnkl1",3797.00672379254
"Gm17099",0
"Serpina6",0
"Erbb2",35.5334636793509
"Spdye4b",3.25754323665842
"Nrg4",227.478416722202
"Strn",4617.25059171187
"Cep128",334.231955592644
"Gm13078",0
"Erp27",27.6388879878374
"Gdf3",36.2057961668518
"Vmn1r114",0
"Gm19325",205.318606932235
"Rhbg",9.33264638489604
"Gm11691",0
"Rps6kb1",10008.4039480046
"Lgals1",1662.2422616617
"Kl",446.745029564947
"Creld1",9616.73013167135
"Msmp",5.07414560597009
"Bmp4",495.516278020791
"Gm4319",5.36769744543447
"Dhx36",15633.4924279347
"Fgfr3",1550.27368438993
"Gm12668",0.730592476246577
"Gm7735",0
"A830052D11Rik",750.646512971935
"Vipr2",622.511962525205
"Gm43388",0
"Hp",5.09893365909824
"Mb",41.3842742116682
"Crnn",0
"Gm28083",0
"Olfr1116",0
"Ttl",3183.78719374355
"Vdac3",35166.2327251321
"Olfr617",0
"Ryk",3169.98258863147
"Mdk",3596.69451414183
"Gm42485",0
"BC051142",800.789762789727
"Vmn1r151",0
"Otor",15.6343955876494
"Ciapin1",8773.51200428601
"Zfyve21",4768.12695749324
"Natd1",836.128116105777
"Olfr963",0
"Defb6",4.03475122209815
"Gm14280",4.2837190912741
"Gkn3",197.251519223042
"Gm20831",0
"Cntn6",2906.91622921457
"Apon",0
"Snip1",1959.25071356257
"Gm15353",0
"Gm30948",1.81089448138951
"Tbc1d8",2014.39727611815
"Pcnx",4409.22045774894
"Ppp1r15a",9382.86713189658
"Gm38250",78.3845095381177
"Ugt2b5",0
"Frem2",74.2833639363806
"Gm11273",9781.19728715263
"Plekhg6",9.57748086055769
"Derl2",6318.62824594173
"Gdf15",2090.65741456286
"Trmt11",2969.82417034371
"Gm2245",20.1060485838496
"Gm15965",102.660067643782
"Fam181a",549.111060631227
"Rab40c",3947.19263624842
"Hmgcr",9324.18155119576
"Tmem253",11.7840603200751
"Med14",3667.16307089513
"Pou3f1",5202.63121225679
"Cstad",498.352715495757
"Rcl1",3826.76256395452
"Tmem98",2475.57910987305
"Zdhhc13",2372.01376019853
"Eogt",1294.0701900237
"Dlc1",2613.55429182664
"Agt",3099.23846295025
"Vmn1r139",0
"Art5",9.88806864818999
"Park7",37340.8820586828
"Trpm8",4.53265623214756
"Parvaos",100.361853179139
"Olfr700",1.45576752501797
"Vmn2r66",0
"Gm10324",0
"BC028471",35.4110132947013
"Odf2",8207.78255881536
"Krtap13",0
"Gm11707",4.43194009390822
"Mt1",36582.5140181998
"Fcho2",5597.03146268752
"Speer4c",4.68702408810019
"Slc37a3",2776.02848827627
"Jtb",14079.2663201587
"Gm16982",26.2486425967192
"Wdr64",3.03445956282096
"Nr6a1os",28.7296452780762
"Gm26811",5.32321561187779
"Gm29481",0.454198692145056
"Camk2b",29690.2192260657
"Ppm1a",10290.1017220825
"Gm42962",0.563902796892991
"Fads1",4281.05243633269
"Gm16573",0
"Rnpc3",12864.1501110265
"Rac2",653.158403296088
"Rcan3",3910.32840719062
"Zfp438",1044.35861853613
"Sh3d19",1949.34908422035
"Kcnab3",740.03323619088
"Slc35a1",5516.44970432901
"Scgb1b7",0
"Slc6a6",11732.3846457016
"Npas2",630.631140310195
"Snupn",2528.3912365626
"Bicd1",16025.5698147686
"Olfr213",0
"Ctdnep1",4797.78879020696
"Doxl2",0
"Susd3",460.159921190539
"Ak2",5954.20644080645
"Gm17720",0
"Psme2",10340.0156341835
"Nanos1",3192.75251500992
"Tbata",2.94437876794943
"Stra6l",15.650600442618
"C030048H21Rik",3.27001162270868
"Gm11672",3.82707219707416
"Gm28178",0
"Fndc4",6508.77441859294
"Rnls",769.018377623384
"Auts2",14006.8606391884
"Sec16a",2836.11031517065
"Dclre1c",1099.93135802621
"Olfr285",0
"Gm28556",0
"Rnf40",2342.53877779796
"Map10",1037.46840640571
"Flg.6",0
"Zcchc18",48278.0815149624
"Gm8394",1625.23883140884
"Cel",3.02979994980582
"Gm12729",0
"Gm29771",15.8935470533298
"Gm12278",22.6279875526583
"Polr2a",4316.77015915137
"Anxa7",7061.65600378026
"Sgcg",8.82140044154787
"Gm12472",1.23294366918358
"Ebi3",483.943165303215
"BC048403",276.693607978171
"Irak4",337.589951163154
"Scgb1b27",0
"Gm29060",0
"Gm6169",156.384617608913
"E130018N17Rik",5.80638118203597
"Aqp6",43.7771176720329
"Calcoco2",0
"Gm29625",0
"Olfr1231",0
"C77370",9345.03596918424
"Gm11525",61.0981132477274
"Chst8",1758.28077908591
"Gm26868",3.26269097137446
"Degs1",24692.9950316375
"Gm15099",0
"Gm28557",143.626770904778
"Rex2",2.39045531354121
"Qpctl",3254.93260934713
"Ttc39aos1",14.0747434990508
"Cd14",4441.9493358161
"Zfp354c",3833.67716485742
"Nek3",673.297560532162
"Cpn1",39.3545852149085
"Ntmt1",7767.60628940341
"Rfx5",2204.71801828681
"Ap1b1",7681.77497747101
"Cyp3a44",0
"Zfyve19",3810.83168566073
"Gm11754",0.495672251473474
"S100z",1.56228241212048
"Gm15736",0
"Stk4",3036.61319727055
"Tmem258",22613.3851437108
"Csmd1",5270.95285266946
"Gypa",10.7834439998464
"Clec4f",1.82317296247659
"Herpud2",6531.66650692766
"Gm44272",0.725167103672458
"Adprhl1",52.071215781991
"Bcl2l15",52.8468419089817
"Gm8897",0
"Nfkbid",798.743173836046
"Lrrc75a",387.94162853755
"Gm6117",17.8555415040101
"D930007P13Rik",4.44134003508238
"Kif23",153.749919537234
"Ctrcos",0.927105589090277
"Hccs",9159.27289152249
"Gabrb2",2783.51157742236
"Gm12223",0
"N4bp1",6720.1064029972
"Olfr229",0
"Nr2f6",2562.84702279386
"Olfr1122",0
"Ifna15",0
"Vmn2r4",1.03950588865524
"Slc5a11",112.385644692126
"Lce1a1",0
"Gm11832",0
"Nr0b1",60.3491543091465
"Prp2",0
"Gm43192",0.751095024776772
"Rps23",59976.3392439249
"Actb",92207.6918913962
"AI504432",6200.90882691649
"Maml1",503.238906844209
"Cryba2",0
"Slc30a7",1684.99077938977
"Frmd4a",9804.81648299005
"Efcab2",3445.56893685404
"Itpr2",2575.35649465466
"Gm17160",0
"Ppp2ca",25885.245423949
"Cyp4f14",344.194653240785
"Tm4sf20",0
"Gm43351",0
"Olfr19",0
"Fpgt",3173.40588513761
"Gm3676",0
"Gm16110",0
"Gm3424",0
"Mrpl22",7118.24601284208
"A830082K12Rik",1580.41883302595
"Tmem37",480.228424752097
"Zfp182",1148.93317737919
"Gm10775",158.292412111048
"C230034O21Rik",24.444022712322
"Star",115.121812069798
"Neurog2",22.1566996222237
"Gm17430",33.7422347803782
"Mrvi1",359.271585812028
"Nkain2",4230.79021612278
"Crip2",21209.9065726695
"Cnot7",12924.2155825917
"Rhod",69.7970254729417
"Polr3k",8658.62994132193
"Gm42954",1.13081986196042
"Prr36",1867.5626830274
"Tgfbi",498.277998468967
"Tacr2",1.58089863306383
"Focad",1889.47651565782
"Gm4846",0
"Efhd1",10313.8541522507
"Spag11b",0
"Phgr1",0.657775012051986
"Gm1993",0
"Smek1",5045.17127851613
"Olfr153",1.24232612224101
"Fut10",914.061851086474
"Map2k2",17645.8859092464
"Itgb3",96.7574506883693
"Olfr291",0
"Gabarapl2",47417.8035917467
"Lmnb2",2327.91478724893
"Lpar2",152.271451592022
"Gm10804",0.851202545221954
"Gm42893",194.549952580336
"Creb3l3",162.72411026195
"Gm14744",0
"Platr13",0
"Acad12",275.880904431673
"Gm21936",0
"Psrc1",113.373815042983
"Cdh26",15.0221940149945
"Birc3",409.448097366932
"Ccdc149",2450.11582737562
"Gm20356",0
"Gm27242",11.7783531688097
"Ewsr1",27875.885867483
"Ccdc107",11604.02635571
"A730032A03Rik",0
"Cd99l2",10725.0969414041
"Crem",3720.69941656865
"Scly",2824.90495109199
"Gm11457",1.73622439011972
"Mapk14",4403.59468462458
"Blzf1",4150.10070786904
"Pla2g4b",4.62920480410871
"Gm13994",0.925171865676824
"Evi2a",14335.1449808705
"Gm15637",13.9760717660012
"Hint2",14821.3006723589
"Cops5",16582.4978404144
"Mmp10",0
"Aldh1a3",425.937247489362
"Gm29527",0
"Gm26777",1113.5511710111
"Lynx1",6306.38613729106
"AW146154",1443.27193992454
"Rad21",11281.815484258
"Hmgcs1",25171.1420909509
"Sdr42e1",522.981941334629
"Gm26813",0
"Tor4a",34.0233482827095
"Eef1d",15944.2465823077
"Nlrp1b",3.72852870125207
"Pramel5",0
"Foxa2",0
"Jam3",15881.8969458289
"Mroh8",46.2912722945964
"E030044B06Rik",13.9416864317738
"Gm15868",2.44257308667495
"Zbtb48",1371.02403897948
"Prim2",1399.41643205941
"Olfr1262",0
"Mfi2",94.7475483248149
"Gm42468",1.31116574188372
"Gpr137c",837.571423980131
"Vps8",2230.87892034813
"Impa1",11911.8229841607
"Hist1h3a",116.622634264615
"Map2k5",3407.7234048115
"Iqch",35.4326427291054
"Prmt6",2350.21911451275
"Plekha2",1825.32628133275
"Zfp128",440.24489232298
"Gm14487",3.93409715620796
"Dhx37",968.77516453169
"Batf",327.98017284935
"Cttnbp2nl",3675.08653098679
"Sva",0
"Gm12405",26.9327855490837
"Gm12946",0
"Vnn1",8.61579351292701
"Gm28357",0
"Rnase12",3.47704135581887
"Gm16004",0
"Sap30bp",5969.27668079391
"Grem1",445.087645506675
"Tbl1x",9805.79854399402
"Efna5",5892.13673496054
"Hsf2",3833.58467623416
"Lamc2",110.733794596736
"Hist1h3g",3.32649593019356
"Edn2",26.4106660793127
"Gm28977",0
"Gm13715",42.4688883342179
"Kif18a",294.093689369416
"Ctag2",0
"Olfr1106",0
"Mroh6",0
"Defb4",0
"Chst11",2198.08425316124
"Rb1",2435.66820240593
"Ccdc6",4175.33849235249
"Siglech",1481.40630094216
"Rbms2",495.119600157817
"Gm34732",0.821660973302341
"Gm11775",0
"Gm17092",88.8054043538883
"Gm15853",436.997782778397
"Allc",9.23171520445228
"Nxnl1",2.48797272649103
"C1galt1c1",9445.5474858883
"Gm13101",0
"Gm13661",2.14619985077343
"Apoc2",0
"Oas1g",2.07386039183099
"Gm21094",0
"Etfa",7775.408688702
"Gm43956",0
"Dusp8",6420.1761476161
"Prr12",3664.85982860694
"Cntn5",3766.46494310609
"Cox16",3201.03244045339
"Qsox1",2973.0620468338
"Olfr730",0
"Olfr53",0
"Tyw5",3781.88024413664
"Fam213a",14590.4831036639
"Endog",7301.52182695063
"Zan",153.338253057114
"Vps13a",6554.857579845
"Gm10384",2.15554744781014
"A730017C20Rik",21957.7402191019
"Cwc15",21117.5254258038
"Ywhae",68230.5373489749
"Gsta2",24.5058712743396
"Gm11505",8.93434439589537
"Atp7b",206.330464556675
"Pcdhb15",254.823181872401
"Atp6v0e2",31054.3854149414
"Per1",4321.4962825559
"Mis18bp1",111.338492681035
"Olfr996",0
"BC100451",73.4514808326833
"Olfr1284.1",0
"Cdh19",1629.19776698001
"Usp39",4010.90721513162
"CT868723.1",5.86318721942252
"Prps1",14073.395711251
"Zfp810",1192.91994954012
"Sprr4",0
"Notch1",1238.45212831574
"AC125149.4",0
"Gm29194",0
"Spred3",1968.5586686903
"Olfr1442",0
"Zfand4.1",20.4913657936036
"Fam107b",1888.68523868886
"Pde8a",5524.67515105078
"Ctnna3",919.849463352808
"Gm16033",17.7205283352364
"Adgrf1",1.392703431126
"Cox7b2",168.854181615706
"Gdpd1",11959.6335153875
"Gm26543",437.891452923732
"Cib1",2739.11860370999
"Ift20",19264.2628308945
"Wdr17",3474.88957155722
"Ggnbp1",981.400931900607
"Eef1a2",17646.7791037453
"Mdp1",7499.43619613273
"Pmch",24.7744938392918
"Gm28279",0
"Fbxo38",3437.99703040252
"Slc6a17",9650.38345544954
"Dynap",0.659393709311521
"Lsm7",16089.7684616137
"C430042M11Rik",32.1518947802456
"Ost4",15985.5192039497
"Tgif2lx2",0
"Ptpra",19244.3879346045
"Impact",43476.5913458635
"Wdr82",7711.43691800195
"Gm17518",97.0676024614392
"Pgm1",1133.29518528068
"Zfp524",1415.84409634134
"Gm43064",44.8144779954216
"Gpx6",66.7059109233525
"Gm26718",38.3945718867561
"Ssx2ip",8003.65429898113
"Ap1g2",356.454467591862
"Gm15563",1.33488318390773
"Ppp1r15b",4374.26841468838
"A430046D13Rik",865.815614650986
"Trp73",200.50951780163
"Chchd5",3467.97954914644
"Gm26935",407.655297202418
"Uchl1os",75.0956959255625
"Trappc2",14732.0916115872
"Olfr823",0
"Asxl2",7119.84250571653
"Ndufs8",22443.478510389
"Cyp2c37",0
"Gm43079",0.956497152352196
"Prr18",6437.89462453217
"Gm12536",0
"Gm10309",0
"Gm15423",1.79030768561617
"Xpo4",2852.28839219195
"Alppl2",0
"Gm42749",52.6210611771883
"Olfr1104",0
"C030034I22Rik",1424.05834241929
"Prss50",66.9549496308403
"Asb17",0
"Cln8",7146.22120218371
"Cul3",9314.3905253476
"Adgrf2",11.1436569585681
"Gm15445",143.406551541783
"Gm28886",0
"Gm805",11.504536588593
"Paqr8",2549.99545626907
"Gm11756",0
"Gm17529",96.1914056322803
"Prss58",0
"Gm15717",3.11429045721728
"Ajuba",73.6377898013431
"Armc7",909.723946630995
"Gm36186",3.23537733164221
"Nub1",11125.0917597899
"Olfr1020",0
"Zfp398",4709.25041223606
"A630091E08Rik",2.65405247346951
"Zkscan6",1218.5843210707
"Prickle3",138.888620654249
"Gm26749",11.524416211696
"Mark3",6597.80149300653
"Chrna3",528.87329634216
"Gm16181",11.6820781008956
"Gm17617",0
"Gm28832",0
"Gm11415",0
"Cacna1c",2792.25543914748
"Cyp27b1",3.9246946949011
"Yif1a",7741.86207051851
"Gm15013",214.938171225406
"Timd4",12.4842981692724
"Gm9742",7.68998690085836
"Hypm",6.63611965514139
"Sbno2",135.3145324157
"Gm42469",1047.6434493826
"Gm20524",0
"Ncan",4484.73973324541
"Abhd8",17204.2397626988
"Tmem52b",0.566296650926255
"Ssxb8",1.37862903411284
"Gm26748",25.8926071873797
"Gm9754",18.1739683440135
"Gm9747",2.52946967301459
"Ifna11",0
"Gm29220",0
"Hnrnpf",19217.8869402709
"Nupr1",1123.15822007715
"Psd",7164.75990559415
"Vmn1r232",0.639988456287535
"Gm3739",679.332861544099
"Gm3127",3.76164175468817
"Gm13287",0
"Dusp13",7.10550715510781
"Zfp560",6329.31892704961
"Nup153",3264.49441487018
"Zscan4f",0
"Tox",3791.76896775515
"Lvrn",0.616544131602954
"Tagln",2055.41002435097
"Abcb6",1869.7171441107
"Gm37552",0.781604168547198
"Asxl3",1699.43345855285
"Ltk",599.064667404941
"Crocc",3159.36709446707
"Itfg2",8391.18512788262
"Btg3",4414.79010327665
"Fem1c",4201.85032832386
"Ankrd7",16.9669524849747
"Peli1",13360.4692311341
"Gm44066",10.1851294540176
"D6Wsu163e",3228.91849469515
"BC055324",165.887368817164
"A930002I21Rik",1.28473100650501
"Gm11479",1.9651563609413
"Cnpy2",16083.5401941508
"Dnajc25",1791.15820388759
"Gm10552",0
"Wdr5b",610.401647440808
"Tmem132cos",0
"Hiat1",12143.5296275704
"Gm26739",26.4613929870162
"Tap1",316.912220442635
"Olfr1238",0
"Dlgap5",163.146208933772
"Gm43376",15.5994320929099
"Glp1r",4.42289892677825
"Rcvrn",39.2025278279982
"Serpina16",0
"Kif27",282.817955426888
"Dedd2",2004.61212498996
"Zfp958",1490.02001382585
"Spink4",0.439896964500518
"Fam98b",7087.18291614164
"Sfxn2",1238.53089686215
"Zfp42",1.65871755283349
"Gm29359",0
"Zfp947",447.083009931712
"Rab3a",51214.9018276376
"Gm15749",1.16005249768812
"Eno4",380.929302315479
"Samd3",744.693770993748
"Gm16059",14.0483463476712
"Gm27169",2.41213668578162
"Zfp938",6458.21018589184
"Gm21900",0
"Rbmxl1",12629.3435918651
"Gm28793",0
"Mrpl20",22456.8790912471
"Vmn1r70",0
"Gsg2",20.762069220803
"P2rx4",3523.7324795764
"Pltp",2303.31744245185
"Gm17032",0
"Socs2",3729.98072706389
"Lrch2",4502.7418961853
"Gm30097",0
"St6galnac4",2576.02696626154
"Lars",6529.02689980265
"Tmem18",2572.74372705898
"Pex14",8571.65877615978
"Chga",20755.2871305137
"Nme4",806.801990637189
"Gm6563",7084.09446298243
"Dnpep",7025.27274054769
"Mepce",2678.71429256722
"Pcdhb14",1575.10589000258
"Slc1a1",6472.83906056692
"Nudt12",445.077710521587
"Fam83a",154.207302352411
"Slain2",4199.45464613465
"Wnt6",25.9016069846306
"Orc4",9218.03973120364
"Ercc6l",38.6328610641774
"Gm11655",2.58851272463405
"Nog",1393.22587299177
"Adprhl2",5211.45552697392
"Naip6",19.867285046711
"Mybph",12.713274584414
"D330020A13Rik",4.65964653759543
"Gm29515",0
"Borcs5",5589.8516277179
"Gml2",0
"Gm2237",327.26446852588
"Ackr3",580.570622114746
"Tbc1d5",2299.60754223922
"Atl1",18129.9493725587
"Cep350",4945.13529371781
"Neurl4",2213.85574805879
"Gm43270",72.8888134483477
"Pkd2l2",226.193810738795
"Thbs4",72.2088240240032
"Gm10419",5556.81572134893
"Gm29106",0
"Acadl",3811.61295016235
"Gm11099",0
"Fthl17a",8.33250421551211
"Sestd1",2431.6244501021
"BC061195",0
"Pitpnm3",1454.63153955877
"Gm5239",89.1206830378746
"Gm29146",0
"Mgam",1.99858444158231
"Vmn1r199",0
"Npffr1",976.985998648381
"Tmem29",8467.6577936335
"Zfp90",1768.87846634999
"Polr2i",10344.4428299251
"Proser3",254.984268537669
"Svbp",7399.76723271415
"Krt17",422.436941290315
"Galc",1911.09589832096
"Sepw1",56841.1272123295
"Sgk3",2618.46933146341
"Wdr72",21.3706184181558
"Prap1",0.605795091933989
"Slc2a2",51.0895129388047
"Mmadhc",7794.72218380646
"Rslcan18",9.55815342327617
"Gm17189",0
"Arf4",25258.4128224478
"Dram2",8744.79828613859
"Ribc2",98.2234621692251
"Fcrlb",30.6443104437198
"Vmn2r7",0.951174753279785
"Eif4h",30727.0293805369
"Mtx1",8399.59633524077
"Dgkg",5781.10387163429
"Wdr83os",11450.5076648181
"Ccdc187",74.0854000796296
"Gm21095",0
"Gm29349",0
"A530032D15Rik",1.07453825681622
"Hbs1l",5898.72970124886
"Lrrc1",1836.66048267671
"Nr3c1",15461.993975024
"Coa6",8182.48834143603
"Gm12951",4.55399587886346
"Cyp2u1",2138.57923446282
"Slc44a3",18.6508254547997
"Sptlc1",4166.40007703566
"Gm26519",94.9658166574597
"Gm44199",15.7508846155399
"Gm15271",1.27535703507898
"Gm26780",13.989192727245
"Pramef8",1847.471821914
"Cnpy4",1514.47013044165
"Neurl3",136.416122712276
"Fbxo6",4477.92625150436
"Nudt14",2231.02670472524
"Olfr801",0
"Zswim1",3347.15105070133
"Rps17",42815.9524618139
"Slc16a5",6.95515757043359
"Mia2",1.17054589094807
"Gzmb",1.30748695630875
"Chrnb2",2401.94802034576
"Gm16315",77.1810192610207
"Lap3",12464.9226459661
"Tfdp2",5545.78269443671
"Esp38",0
"Galk2",4708.85181829649
"Gm15687",26.7611014606048
"Tmem106a",292.459861033832
"Gm15619",0
"Psme4",5040.01751860677
"Adam3",10.3993717432996
"Smok2a",0
"Gm27207",0
"Dag1",4745.3481951738
"Gabrr3",0
"Acsf3",1329.53606075747
"Syngr4.1",2.64638537000231
"Gm28254",0
"Slc13a5",481.548551837628
"Parpbp",59.9060340920231
"Pdlim3",590.612614292034
"Sumo1",36529.1309373492
"Tnks2",10017.3531623597
"Gm16085",0
"Arxes2",22925.196645061
"Gbp3",345.592907388127
"Gm37690",0
"Gm6205",0
"Stra6",279.600231735211
"Clcn7",2742.90165694873
"Aprt",10650.5270084717
"Fam120aos",724.689231701684
"Ang",544.063298952267
"Rgl2",4082.54035160494
"Gm14151",0
"C330013J21Rik",53.4788214020106
"Rif1",8277.32045028053
"Lrrc74a",0
"Epha5",19914.839527861
"AI314180",9089.60588337838
"Insm2",517.093434879584
"Rxra",1154.51256285587
"Lhx1os",1580.46942295657
"Ttyh1",11715.2808600163
"Ms4a6d",471.093691764265
"Tbc1d24",6133.66979237963
"Eny2",15639.9296210948
"Tuba3a",0
"Frrs1",533.567259221254
"Gm13021",0
"Pof1b",1.27448794423881
"Trappc2l",21477.6406682653
"Lims1",7105.28557409793
"Ndufa1",24236.293208638
"Mapk8ip3",16459.4974006284
"Ndufa8",33589.7339251594
"Atoh1",5.76252338887159
"Gm21818",0
"Gm11535",0
"Gm2200",0
"Acot7",32884.2488869097
"Gm20069",2.24712624556822
"Pigo",1203.13150993791
"Trak2",2752.75696663017
"Pcdh12",12.2132045781757
"Sspnos",11.9274922417422
"Ereg",0.734576365973644
"Olfr988",0
"Serpinb12",1.68025898022866
"Dner",20754.2151837778
"Oip5",115.859110803825
"Dnah7c",141.007580684645
"Hbegf",4335.89552299859
"Prr23a1",0
"Gm15831",0
"Myo16",1169.60581356917
"Ccer2",1143.02757715059
"Cdrt4os1",0
"Pklr",1.55627230894315
"Riok1",3407.42746138209
"Gm1043",159.162713988316
"Gm15646",0.920178532382042
"Acy3",287.199624918892
"Eif3a",20985.6952025639
"Dnaja3",8330.98192174925
"Zfp819",35.7476446116079
"Gm29255",0
"Gm43349",0
"Ctf2",26.2340432276783
"Samd15",1156.67733233647
"Hint3",4009.17735093013
"Far2",1617.67840668304
"Itih2",59.1553367853607
"Lce1g",0
"Tbc1d22b",2599.6279793653
"Olfr239",0
"Zfp354a",1331.6635296129
"Spata32",44.1267140465932
"Bcs1l",3362.37158907437
"Klk15",0
"Scgb2b15",0
"Copa",15023.0321539224
"Rab11fip1",211.632034056875
"Vmn2r55",2.09612994886656
"Nsun3",959.267708901763
"Ceacam14",0
"Gm38039",35.4813509015371
"Il20",0
"Pkhd1",0.719446705785892
"Gstm4",1768.59333490519
"Tbr1",1225.239549695
"Zcchc11",12553.3975817266
"Fbxw24",1.03738400499787
"Gm10608",0.527184217242477
"Wbscr17",3536.15583165622
"Sel1l3",666.796598707333
"Cabp2",15.7789805627598
"Wwp2",1776.24807613029
"Gm853",0.60883755145509
"Sppl2b",3677.15537373444
"Dcx",6333.18423892089
"Otop1",3.68458316542366
"Anapc16",11367.2150006282
"Itpripl2",322.749020100287
"Scnm1",9691.04393696434
"Gpr19",4935.50816833227
"Litaf",13125.4563752917
"Olfr1234",0
"Gm15650",0
"Gm29457",0
"Fbxw10",231.633553731114
"Mbtd1",5382.65831003766
"Dlx4",1.12320369180543
"Gm27027",0
"Elovl5",8634.45762021385
"Pfn2",42959.3466295504
"Gm2861",7.37209119777843
"Nup43",1625.92728925525
"Gm12953",17.0498815496618
"Olfr308",0
"Ccnyl1",796.885504867822
"Ccdc62",715.177068362045
"Dpep1",0
"Gm15915",8.27403690656342
"Pde6c",7.83735104702026
"Tmem178",2640.03776921876
"Raly",13803.1885095315
"Olfr791",0
"Coasy",4411.99840085345
"Trim39",2661.97398958483
"Klf2",4965.43451726872
"Car13",128.935829061188
"Klri1",0
"Olfr1264",0
"Got2",17178.1129380154
"Dchs1",798.501290522323
"Polr3g",545.80628126872
"Gm813",19.8811849182068
"Grxcr2",1.18672961228689
"Gm20503",0
"Myo1b",2788.05035945666
"Dhrs13os",79.1011975282004
"Gm28639",0
"Mboat4",56.9243766999009
"L3mbtl1",351.088102913474
"Amn",2673.43516910851
"Il31",9.93811568544332
"Olfr98",0
"Gm20389",0
"Olfr1107",0
"Cracr2b",290.692701164867
"Caprin1",16970.7524314266
"Shank2",2127.89286258722
"Gna13",4658.80462076498
"Gm14236",0
"Copg1",17636.7975863107
"Cenpq",1740.64770333259
"Cxcr2",140.556345877228
"Lrrc20",495.310527848139
"Atad2b",2405.4981185724
"Gm26837",5.75384757712179
"Aph1b",2510.79742018028
"Rassf4",1423.31925561002
"Ifit1bl1",421.588640523496
"Olfr986",0
"Gm12394",3.91387502629227
"Svs3b",0
"Tcf23",13.123380321156
"Gm13565",0
"Snai1",64.6851253693231
"Dcaf12",5452.17520626164
"Arl15",1292.82380781431
"Gm29128",0.945003211824171
"Clec16a",2017.34012695753
"Adgrl4",961.737566913423
"Troap",24.2566526574151
"Pcmtd2",9230.67001069069
"Actr1b",15101.923343548
"Olfr919",0
"Gm8926",0
"Slit3",1376.13467307134
"Tor2a",5375.53893805084
"Gm15063",11.4111096403857
"Matn1",248.519138379432
"Cyhr1",13034.4818478443
"Gm3543",0
"Scml2",189.856421651023
"Lcat",668.545880124582
"Copz2",647.508188015416
"Arhgap42",715.260447277007
"Gm21876",0
"Smcr8",1364.58355582701
"Gtf2a2",16356.8053114598
"Dhx34",713.931612330812
"Hsbp1l1",220.279328581714
"Olfr1189",0
"March6",13472.1872507866
"Mkln1os",658.263009776746
"Cngb1",448.233224518695
"Psma2",31564.3136350722
"Spns1",7930.54429293556
"Sirt3",7441.60511336854
"Slc22a21",437.420596012489
"Rabgap1l",13445.7393328416
"Slc22a26",0
"Gm20721",1294.86420809852
"Eif2b1",4923.79243072993
"Gm10505",46.6356785913742
"Cers4",13400.0884985824
"Rpa2",3122.17362468433
"Npr3",134.824803913783
"Nxf1",16205.6087065571
"Gramd2",337.569407618507
"Nmnat2",6968.35970641366
"Relb",1401.23982199197
"Gm32250",20.555540419788
"Anks4b",8.96117496887294
"Gm16401",12.9539155317893
"Mpv17l",6606.30737879539
"Gm29370",0
"Phactr3",14078.0212361592
"Gm26600",2.77638860542902
"Gm5624",3.62277030368446
"Nup155",1490.50275049521
"Gm44368",0
"Wbscr28",1.20441632024726
"Tbcc",8988.14201836154
"Tldc2",1.50793713962138
"Prr14",2823.72909536349
"Nanog",6.28805886706669
"Olfr957",0
"Tmem126a",9760.68171314301
"Gm28108",0
"Cnot11",4030.56372260833
"Acsm3",13.5424661938841
"Btbd6",4145.02605310704
"Kcnk13",4492.6491845457
"Gm9047",7.28642797295519
"Ptch1",3248.74936338626
"Hist2h3c2",261.750652127301
"Kcna1",14737.0653747941
"Slc6a7",3506.48567341121
"BC048559",0
"Sorcs1",4014.39111263929
"Rnf135",794.529083372246
"Kcnmb4",2353.69250587523
"Gm12216",878.965497923181
"Hist1h4i",835.663310841253
"Gm29177",0
"Napa",25467.6578350533
"Olfr1230",0
"Ttc9c",5204.03126673444
"Dnajb5",2942.94754274921
"Tnfsf15",3.67530712804681
"Nipal2",1670.90772981115
"Gm29327",0.835942542737065
"Fkbp9",2029.74931152761
"Smarca4",9483.38167679231
"Gm42761",0.640879628257523
"Olfr943",0
"Farsa",6228.62570020405
"Gm28606",0
"Olfr538",0
"AC151602.1",0
"Aen",3380.98147227504
"BC089597",1.01678409397515
"Gen1",64.7458278193452
"Ptprcap",52.3253971824641
"Gm20911",0
"Zranb2",33866.0033770662
"Mbl1",0
"AI839979",166.583396134032
"Adipor2",6556.72119487847
"Gm12730",0
"Gm11146",0
"Psmd4",26783.4353123421
"Atrnl1",1251.46543381425
"Sqrdl",647.358717621202
"Tpt1",51638.8885586327
"Ulk2",4737.43280503678
"Mcf2l",4978.97572798141
"Spns3",74.7001640927122
"Gm29566",0
"Adipor1",13994.8852424199
"Gm29040",0
"Syn1",14941.2001724729
"Gm43893",0
"Olfr1076",0
"Gm30304",12.6046610951814
"Pcdha1",61.6531703576065
"Lsr",582.15108156219
"Gm12381",0
"Gm9611",0
"Gm28786",0
"Calhm2",219.887308335839
"Ppargc1b",2142.65385635725
"Ntf3",128.286603617341
"Nrg3os",0.830149257486786
"Gm37218",0
"Apol11a",0
"Timm8a1",1271.12756720029
"Vmn1r160",0
"Gm26624",100.780791427013
"Rpl39",42548.8923994262
"Ldoc1",201.812099892007
"Dnah1",1589.27248191076
"Gm21680",46.4227079318108
"Myl4",536.01825349753
"Gm20508",7.42943792553459
"Etohi1",1399.98241559356
"Pdgfc",861.712507382584
"Scube2",217.372390772811
"Top2b",13008.308396823
"Cyp3a11",0
"Ptpn12",3053.04655225267
"Slx4ip",1837.98672854724
"Gm17151",0
"Zfp451",9708.75453356988
"Gsg1l2",3.58717669681191
"Gm29158",0
"Gm8923",212.711217443108
"Slc35e2",2005.50056337149
"Slc22a7",16.1742941660048
"Olfr30",0
"Gm16006",69.6732966394809
"Dcpp1",0
"Ccdc103",654.700242937883
"Gm30932",0
"Vmn1r57",0
"Adcy3",4122.38853643427
"Csnk1d",8989.68309749716
"Gm15984",1.48033854208288
"Dgkh",577.806060086965
"Dtd1",21949.1049836048
"Gm27206",3.37331451601016
"Eml6",2343.79439288408
"Rab35",6287.85113020383
"Emcn",842.031477337549
"Gm29302",0
"Gm21761",1.33896597455125
"Kdm4a",2833.45520170903
"Wnt3",1856.6233748851
"Gm13920",61.9938787879542
"Krt24",9.44953893811735
"Stap2",167.595550270245
"Kctd11",308.410023940485
"Gm26583",28.3840920535109
"Lrrc46",224.316688419484
"Pqlc3",73.7115449786853
"Pdzd9",104.013531008411
"Gm16322",3.02110732856271
"Gm14146",0
"Rasgrf2",8425.5930680577
"Vta1",11706.7447038249
"Gm5591",0
"Gria4",10490.934154988
"Sv2c",2736.40396363097
"Gm29431",56.0810846406434
"Kif12",0
"Dusp2",1266.90413081444
"Fgf12",10028.0530125585
"Gm11851",10.2807020352997
"Gm21650",0
"Gm26535",1.15855108644011
"Gm43532",28.3090673344655
"Gm21732",0
"Arid4a",14408.2299465871
"Zfp12",2246.98921884426
"Gm20443",9.63111764470103
"Fbxo2",10005.5096608054
"Gm13850",0
"Sdcbp",20452.5529948033
"Rab6b",22385.5761757468
"Sqle",11858.2840764634
"Zfp809",451.623236114958
"Gm16619",6.78152767014231
"Glra1",634.950508880169
"Psmd9",10027.6325230389
"Bet1",9172.28641154775
"Exoc5",8708.16492678617
"Gosr2",6427.81120262825
"Gm21092",16662.8065998961
"Oscp1",6630.89575699949
"Obp1a",0
"Cdc42ep5",289.057110443928
"Gm15133",7.71751086360348
"Herc4",2725.70327238397
"Gm23925",0
"Nme7",2587.77426549065
"Akr1c19",22.5972006781728
"Rab39b",5813.29283543252
"Supt16",12876.1521605255
"Slc35d1",1345.6901968709
"Cspp1",15141.5427733218
"Gm26653",171.12586199372
"Gm4567",0
"Gngt1",1.44357907604158
"Gm13173",0
"Esp4",0
"Gm16251",11.1449843560309
"Bod1",7013.80646743306
"Olfr215",0
"Epor",315.911960548198
"Ocm",4.43394830352847
"Gm11032",0
"Otol1",0
"Prl3b1",0
"Atp5g3",35001.67702076
"Gm28684",0
"Gm10851",5.92164581164237
"Pole4",8456.46494018973
"Nfkbib",7985.39360808153
"Nono",16501.0920738817
"Cryl1",1569.95533482176
"Ppp3ca",42895.1474131963
"Gm13322",7.69874202032535
"Rps5",57692.8611357598
"Gm28109",0
"Zfp276",1562.44969161023
"Gm17509",90.1405709762124
"Olfr901",0
"Serpina1f",0
"Gm13799",1.1237639698973
"Cep295",5370.96984282359
"Vmn1r233",0
"Ankrd13a",3670.23443718074
"S100a5",0
"Lsm10",3849.14944896854
"Ptprt",5212.84840148554
"Pex1",3280.34273162451
"AV064505",0
"Cacng1",17.6162373724145
"Tbccd1",1585.02118243202
"Slc30a8",15.6345311390545
"Serpinb8",31.2482004858807
"Fam19a3",9.60718411298546
"Gm16553",0
"Gm4922",1.33286634609808
"Naaa",3334.74339251122
"Gm15389",3.94991258960273
"Olfr395",0
"Gm20538",8.96673019161046
"Crybb2",0.56583593997847
"She",206.548228237448
"Gm26623",2.31011140652395
"Gm933",0
"Olfr1023",0
"Vac14",1959.33456164378
"Sfpq",25163.2278850958
"Frrs1l",13265.2499799542
"Tpbpa",0
"Timm21",3379.06293945503
"Olfr350",0
"Taar9",0
"Cd300lf",8.68785428914317
"Pkp4",8494.45670479657
"Crybg3",614.164306037968
"Fancg",1280.90387058191
"Acsl6",7004.92872732174
"Hnrnph2",21321.843816053
"Dmrtc1a",2776.92651842561
"Olfr855",0
"Upk3b",12.3643218010703
"Mapk1",23660.3292608653
"Sav1",1228.04730625379
"Ttf1",3095.28845184753
"Spdef",238.055478522103
"Nup62",2444.08089850838
"D730003I15Rik",1988.92810753861
"Cisd1",33900.19451245
"Mlx",6149.25695952498
"Krt9",537.997617897921
"Ccdc42",161.359727241093
"Ddx54",4310.32084708262
"Gm43134",1.34912216244211
"Gm28866",0
"Sept7",58816.2594671827
"Gm17428",0
"Mfap4",66.7552605950524
"Thap4",4379.63668513746
"Gstm7",11946.3476133749
"Vmn2r50",0
"March3",229.127067757063
"Hirip3",4692.74468493942
"Chrna5",17.1723287100026
"Olfr1215",0
"Usp6nl",1244.91311231448
"Gltp",18965.4872601668
"Set",29566.0138414487
"Acpt",2.52954941244061
"Rpl27",38971.747990811
"Gm29046",0
"Mas1",61.63237798006
"Gm16308",0.596962864114075
"Olfr1002",0
"Fbn2",372.756727977531
"Ank3",31226.1138367732
"Eif2s3y",7093.53970873865
"Rps24",44856.8486831056
"Ccnd3",3683.90418883995
"Ubap1",5533.70230602132
"Sgcb",8138.48082539086
"Gm13524",403.391758947837
"Ophn1",4542.24096030361
"Atf6b",5563.34436212331
"Clvs1",4371.79263808175
"Gopc",6273.35432729255
"Vmn2r122",0
"Gm9887",5.39374821111008
"Zfp956",1303.8372972534
"BC003331",10259.215658583
"Rsph10b",323.758434418709
"Amacr",2072.91825893773
"Sntb2",1096.50671883653
"Ppm1m",3219.56202134628
"Ren1",4.33098446625871
"Olfr675",0
"Cgnl1",703.673354982865
"Gm17402",0
"Copb1",13861.7770900605
"Gm17058",26.3522168707687
"Iah1",3799.60865237123
"Lamp5",3045.83551099208
"Apoc4",59.8319571412765
"Parp14",157.075544163073
"Prkab1",1634.6131505175
"Morf4l1",76264.0575528709
"Tti1",1324.99774807195
"Gm28175",0
"Scd3",1223.40970304519
"Fyn",10156.8506466898
"Aire",5.67456375182958
"Bbs2",2414.59908977829
"Olfr140",0
"Gm29379",0
"Gm26602",6.57669097301362
"Phf23",6057.49531340083
"Cdcp1",66.4530795974932
"Skint11",0
"Bcl2l11",670.69242566415
"Smpx",1.26302062256689
"Cmss1",1676.60873725492
"Slc25a16",4764.844230929
"Cntn1",26869.3686162209
"Fam160b2",1112.36601679898
"Art2b",0
"Gm11729",10.907827195035
"Zdhhc22",411.257228123586
"Actl9",3.67231001476999
"Entpd6",6299.36390391133
"Gm21637",0
"Mgst1",1264.33802088568
"Opcml",16844.8476758702
"Serpina3m",0
"Zbtb8b",456.220609111135
"Olfml1",2431.8954375334
"Cdh8",4883.13091433994
"Gm43277",0
"Gm16083",272.415762688076
"Gm27224",1.30044780662655
"Ptgs2os2",15.398272044488
"Irx3os",4.50960249211432
"Ap5z1",2527.41160905197
"Pcsk1",1946.27520865789
"Olfr1356",0
